name,email,company_cnpj
Kirbee,Kirbee@gmail.com,42080110000150
Libbie,Libbie@gmail.com,91265641000123
Tani,Tani@gmail.com,91265641000123
Elbertina,Elbertina@gmail.com,86256798000152
Helsa,Helsa@gmail.com,42080110000150
Silvana,Silvana@gmail.com,82486891000100
Lanna,Lanna@gmail.com,14388844000166
Brynna,Brynna@gmail.com,42080110000150
Aubrie,Aubrie@gmail.com,82486891000100
Evaleen,Evaleen@gmail.com,14388844000166
Christy,Christy@gmail.com,86256798000152
Kary,Kary@gmail.com,82486891000100
Melodie,Melodie@gmail.com,82486891000100
Lynde,Lynde@gmail.com,42080110000150
Demetris,Demetris@gmail.com,86256798000152
Benita,Benita@gmail.com,14388844000166
Tomasina,Tomasina@gmail.com,42080110000150
Modestia,Modestia@gmail.com,42080110000150
Dianemarie,Dianemarie@gmail.com,91265641000123
Hannis,Hannis@gmail.com,86256798000152
Ayn,Ayn@gmail.com,82486891000100
Cathie,Cathie@gmail.com,86256798000152
Letizia,Letizia@gmail.com,86256798000152
Annabela,Annabela@gmail.com,14388844000166
Amelia,Amelia@gmail.com,42080110000150
Kathi,Kathi@gmail.com,14388844000166
Mathilda,Mathilda@gmail.com,91265641000123
Ninnetta,Ninnetta@gmail.com,82486891000100
Cindelyn,Cindelyn@gmail.com,82486891000100
Madelle,Madelle@gmail.com,82486891000100
Elsie,Elsie@gmail.com,82486891000100
Devina,Devina@gmail.com,14388844000166
Jacquetta,Jacquetta@gmail.com,91265641000123
Gisela,Gisela@gmail.com,86256798000152
Teddie,Teddie@gmail.com,86256798000152
Jacquetta,Jacquetta@gmail.com,82486891000100
Reeba,Reeba@gmail.com,82486891000100
Peri,Peri@gmail.com,91265641000123
Jessy,Jessy@gmail.com,91265641000123
Vivia,Vivia@gmail.com,42080110000150
Rosaline,Rosaline@gmail.com,14388844000166
Gertrud,Gertrud@gmail.com,42080110000150
Elora,Elora@gmail.com,86256798000152
Collen,Collen@gmail.com,82486891000100
Mireielle,Mireielle@gmail.com,42080110000150
Aubrie,Aubrie@gmail.com,82486891000100
Gusella,Gusella@gmail.com,86256798000152
Dorene,Dorene@gmail.com,82486891000100
Inga,Inga@gmail.com,42080110000150
Consuela,Consuela@gmail.com,91265641000123
Binny,Binny@gmail.com,86256798000152
Jordan,Jordan@gmail.com,86256798000152
Cam,Cam@gmail.com,82486891000100
Pamella,Pamella@gmail.com,86256798000152
Roz,Roz@gmail.com,82486891000100
Alameda,Alameda@gmail.com,42080110000150
Nelle,Nelle@gmail.com,82486891000100
Layla,Layla@gmail.com,91265641000123
Margette,Margette@gmail.com,82486891000100
Althea,Althea@gmail.com,14388844000166
Sadie,Sadie@gmail.com,86256798000152
Margalo,Margalo@gmail.com,82486891000100
Hildegaard,Hildegaard@gmail.com,86256798000152
Inga,Inga@gmail.com,42080110000150
Paule,Paule@gmail.com,86256798000152
Tarra,Tarra@gmail.com,86256798000152
Carolina,Carolina@gmail.com,82486891000100
Wileen,Wileen@gmail.com,86256798000152
Ketti,Ketti@gmail.com,82486891000100
Dennie,Dennie@gmail.com,86256798000152
Christal,Christal@gmail.com,86256798000152
Harrietta,Harrietta@gmail.com,42080110000150
Jillayne,Jillayne@gmail.com,91265641000123
Jenilee,Jenilee@gmail.com,86256798000152
Alameda,Alameda@gmail.com,91265641000123
Courtnay,Courtnay@gmail.com,14388844000166
Shaine,Shaine@gmail.com,82486891000100
Barbara,Barbara@gmail.com,91265641000123
Karina,Karina@gmail.com,42080110000150
Nelle,Nelle@gmail.com,14388844000166
Dari,Dari@gmail.com,86256798000152
Robinia,Robinia@gmail.com,14388844000166
Vevay,Vevay@gmail.com,86256798000152
Jere,Jere@gmail.com,91265641000123
Sue,Sue@gmail.com,14388844000166
Jan,Jan@gmail.com,82486891000100
Winifred,Winifred@gmail.com,14388844000166
Rayna,Rayna@gmail.com,14388844000166
Linet,Linet@gmail.com,91265641000123
Jorry,Jorry@gmail.com,42080110000150
Nerta,Nerta@gmail.com,14388844000166
Dulce,Dulce@gmail.com,14388844000166
Bobbi,Bobbi@gmail.com,91265641000123
Emma,Emma@gmail.com,82486891000100
Marguerite,Marguerite@gmail.com,14388844000166
Mildrid,Mildrid@gmail.com,42080110000150
Ketti,Ketti@gmail.com,91265641000123
Beverley,Beverley@gmail.com,91265641000123
Antonietta,Antonietta@gmail.com,42080110000150
Tiffie,Tiffie@gmail.com,14388844000166
Kore,Kore@gmail.com,42080110000150
Sybille,Sybille@gmail.com,82486891000100
Ronna,Ronna@gmail.com,42080110000150
Vita,Vita@gmail.com,14388844000166
Michaelina,Michaelina@gmail.com,91265641000123
Kimmy,Kimmy@gmail.com,91265641000123
Gabriellia,Gabriellia@gmail.com,91265641000123
Pierette,Pierette@gmail.com,91265641000123
Lulita,Lulita@gmail.com,14388844000166
Corene,Corene@gmail.com,82486891000100
Kirbee,Kirbee@gmail.com,82486891000100
Dode,Dode@gmail.com,42080110000150
Agathe,Agathe@gmail.com,42080110000150
Sashenka,Sashenka@gmail.com,14388844000166
Vere,Vere@gmail.com,82486891000100
Vinita,Vinita@gmail.com,86256798000152
Anallese,Anallese@gmail.com,42080110000150
Florie,Florie@gmail.com,86256798000152
Selma,Selma@gmail.com,86256798000152
Marguerite,Marguerite@gmail.com,91265641000123
Nannie,Nannie@gmail.com,14388844000166
Roz,Roz@gmail.com,14388844000166
Collen,Collen@gmail.com,86256798000152
Alleen,Alleen@gmail.com,82486891000100
Ardenia,Ardenia@gmail.com,91265641000123
Lindie,Lindie@gmail.com,14388844000166
Cissiee,Cissiee@gmail.com,86256798000152
Justinn,Justinn@gmail.com,82486891000100
Liana,Liana@gmail.com,82486891000100
Lily,Lily@gmail.com,91265641000123
Evaleen,Evaleen@gmail.com,91265641000123
Raina,Raina@gmail.com,86256798000152
Candi,Candi@gmail.com,91265641000123
Romona,Romona@gmail.com,82486891000100
Charmaine,Charmaine@gmail.com,91265641000123
Oralee,Oralee@gmail.com,42080110000150
Elsie,Elsie@gmail.com,86256798000152
Marnia,Marnia@gmail.com,86256798000152
Di,Di@gmail.com,14388844000166
Ginnie,Ginnie@gmail.com,42080110000150
Randa,Randa@gmail.com,42080110000150
Gloria,Gloria@gmail.com,82486891000100
Lauryn,Lauryn@gmail.com,91265641000123
June,June@gmail.com,14388844000166
Karlee,Karlee@gmail.com,42080110000150
Shaylyn,Shaylyn@gmail.com,82486891000100
Blondelle,Blondelle@gmail.com,42080110000150
Morganica,Morganica@gmail.com,82486891000100
Collen,Collen@gmail.com,14388844000166
Evaleen,Evaleen@gmail.com,86256798000152
Sheree,Sheree@gmail.com,86256798000152
Ida,Ida@gmail.com,82486891000100
Chrystel,Chrystel@gmail.com,86256798000152
Hyacinthe,Hyacinthe@gmail.com,91265641000123
Bibby,Bibby@gmail.com,86256798000152
Corene,Corene@gmail.com,82486891000100
Dede,Dede@gmail.com,14388844000166
Annaliese,Annaliese@gmail.com,14388844000166
Hayley,Hayley@gmail.com,82486891000100
Chere,Chere@gmail.com,42080110000150
Goldie,Goldie@gmail.com,42080110000150
Annice,Annice@gmail.com,14388844000166
Magdalena,Magdalena@gmail.com,42080110000150
Susette,Susette@gmail.com,82486891000100
Rani,Rani@gmail.com,82486891000100
Ira,Ira@gmail.com,14388844000166
Aryn,Aryn@gmail.com,91265641000123
Mady,Mady@gmail.com,14388844000166
Mamie,Mamie@gmail.com,86256798000152
Barbi,Barbi@gmail.com,86256798000152
Ruthe,Ruthe@gmail.com,42080110000150
Alisha,Alisha@gmail.com,82486891000100
Leia,Leia@gmail.com,86256798000152
Ardys,Ardys@gmail.com,14388844000166
Kayla,Kayla@gmail.com,42080110000150
Brana,Brana@gmail.com,82486891000100
Ira,Ira@gmail.com,86256798000152
Inga,Inga@gmail.com,14388844000166
Binny,Binny@gmail.com,42080110000150
Candy,Candy@gmail.com,82486891000100
Britni,Britni@gmail.com,14388844000166
Lynde,Lynde@gmail.com,86256798000152
Maryellen,Maryellen@gmail.com,91265641000123
Phedra,Phedra@gmail.com,86256798000152
Dari,Dari@gmail.com,86256798000152
Elbertina,Elbertina@gmail.com,86256798000152
Rosaline,Rosaline@gmail.com,82486891000100
Gale,Gale@gmail.com,42080110000150
Marline,Marline@gmail.com,42080110000150
Ericka,Ericka@gmail.com,86256798000152
Ashlee,Ashlee@gmail.com,91265641000123
Tilly,Tilly@gmail.com,42080110000150
Nadine,Nadine@gmail.com,86256798000152
Luci,Luci@gmail.com,14388844000166
Katharina,Katharina@gmail.com,14388844000166
Doro,Doro@gmail.com,82486891000100
Mignon,Mignon@gmail.com,91265641000123
Edee,Edee@gmail.com,91265641000123
Marita,Marita@gmail.com,82486891000100
Charlena,Charlena@gmail.com,14388844000166
Jsandye,Jsandye@gmail.com,14388844000166
Valli,Valli@gmail.com,91265641000123
Averyl,Averyl@gmail.com,14388844000166
Corina,Corina@gmail.com,82486891000100
Hope,Hope@gmail.com,82486891000100
Korrie,Korrie@gmail.com,82486891000100
Janey,Janey@gmail.com,86256798000152
Margette,Margette@gmail.com,42080110000150
Claudina,Claudina@gmail.com,14388844000166
Kayla,Kayla@gmail.com,14388844000166
Aigneis,Aigneis@gmail.com,42080110000150
Helsa,Helsa@gmail.com,14388844000166
Tina,Tina@gmail.com,42080110000150
Hildegaard,Hildegaard@gmail.com,86256798000152
Susan,Susan@gmail.com,86256798000152
Tybie,Tybie@gmail.com,82486891000100
Ingrid,Ingrid@gmail.com,42080110000150
Arabel,Arabel@gmail.com,14388844000166
Claudina,Claudina@gmail.com,91265641000123
Tatiania,Tatiania@gmail.com,91265641000123
Blondelle,Blondelle@gmail.com,42080110000150
Katleen,Katleen@gmail.com,42080110000150
Margarette,Margarette@gmail.com,91265641000123
Britte,Britte@gmail.com,86256798000152
Jenilee,Jenilee@gmail.com,91265641000123
Beatriz,Beatriz@gmail.com,82486891000100
Chickie,Chickie@gmail.com,42080110000150
Noelle,Noelle@gmail.com,42080110000150
Christy,Christy@gmail.com,14388844000166
Regina,Regina@gmail.com,86256798000152
Lusa,Lusa@gmail.com,86256798000152
Yolane,Yolane@gmail.com,86256798000152
Fanny,Fanny@gmail.com,86256798000152
Cyndie,Cyndie@gmail.com,86256798000152
Mahalia,Mahalia@gmail.com,91265641000123
Mahalia,Mahalia@gmail.com,42080110000150
Chandra,Chandra@gmail.com,91265641000123
Nelle,Nelle@gmail.com,14388844000166
Livvyy,Livvyy@gmail.com,14388844000166
Trixi,Trixi@gmail.com,86256798000152
Bertine,Bertine@gmail.com,82486891000100
Ardys,Ardys@gmail.com,14388844000166
Amii,Amii@gmail.com,91265641000123
Violet,Violet@gmail.com,14388844000166
Tami,Tami@gmail.com,42080110000150
Justinn,Justinn@gmail.com,42080110000150
Carmela,Carmela@gmail.com,82486891000100
Jere,Jere@gmail.com,91265641000123
Lucille,Lucille@gmail.com,14388844000166
Brana,Brana@gmail.com,14388844000166
Jasmina,Jasmina@gmail.com,86256798000152
Juliane,Juliane@gmail.com,42080110000150
Gusty,Gusty@gmail.com,42080110000150
Annice,Annice@gmail.com,14388844000166
Merrie,Merrie@gmail.com,14388844000166
Janis,Janis@gmail.com,82486891000100
Dagmar,Dagmar@gmail.com,42080110000150
Lulita,Lulita@gmail.com,86256798000152
Sophia,Sophia@gmail.com,14388844000166
Gui,Gui@gmail.com,14388844000166
Dacia,Dacia@gmail.com,42080110000150
Sadie,Sadie@gmail.com,86256798000152
Dacia,Dacia@gmail.com,82486891000100
Susette,Susette@gmail.com,82486891000100
Rochette,Rochette@gmail.com,42080110000150
Clary,Clary@gmail.com,86256798000152
Britte,Britte@gmail.com,91265641000123
Rani,Rani@gmail.com,42080110000150
Harrietta,Harrietta@gmail.com,42080110000150
Ekaterina,Ekaterina@gmail.com,82486891000100
Lanna,Lanna@gmail.com,14388844000166
Gale,Gale@gmail.com,82486891000100
Kalina,Kalina@gmail.com,14388844000166
Nollie,Nollie@gmail.com,82486891000100
Nelle,Nelle@gmail.com,14388844000166
Mariele,Mariele@gmail.com,86256798000152
Liana,Liana@gmail.com,91265641000123
Dorthy,Dorthy@gmail.com,86256798000152
Joleen,Joleen@gmail.com,42080110000150
Kore,Kore@gmail.com,14388844000166
Agnese,Agnese@gmail.com,82486891000100
Mariann,Mariann@gmail.com,82486891000100
Rozele,Rozele@gmail.com,86256798000152
Shauna,Shauna@gmail.com,14388844000166
Lorie,Lorie@gmail.com,91265641000123
Millie,Millie@gmail.com,42080110000150
Cherilyn,Cherilyn@gmail.com,86256798000152
Rhea,Rhea@gmail.com,82486891000100
Heida,Heida@gmail.com,82486891000100
Juliane,Juliane@gmail.com,86256798000152
Phylis,Phylis@gmail.com,14388844000166
Zaria,Zaria@gmail.com,91265641000123
Justinn,Justinn@gmail.com,14388844000166
Flory,Flory@gmail.com,91265641000123
Barbi,Barbi@gmail.com,91265641000123
Arlina,Arlina@gmail.com,91265641000123
Jacenta,Jacenta@gmail.com,86256798000152
Rosene,Rosene@gmail.com,86256798000152
Max,Max@gmail.com,91265641000123
Merci,Merci@gmail.com,86256798000152
Lita,Lita@gmail.com,82486891000100
Kaia,Kaia@gmail.com,14388844000166
Barbi,Barbi@gmail.com,91265641000123
Jsandye,Jsandye@gmail.com,86256798000152
Hope,Hope@gmail.com,14388844000166
Carlie,Carlie@gmail.com,91265641000123
Genevra,Genevra@gmail.com,14388844000166
Britni,Britni@gmail.com,86256798000152
Karina,Karina@gmail.com,91265641000123
Taffy,Taffy@gmail.com,82486891000100
Carree,Carree@gmail.com,86256798000152
Charissa,Charissa@gmail.com,82486891000100
Michaelina,Michaelina@gmail.com,91265641000123
Cherilyn,Cherilyn@gmail.com,82486891000100
Diena,Diena@gmail.com,82486891000100
Kimmy,Kimmy@gmail.com,86256798000152
Viki,Viki@gmail.com,82486891000100
Dyann,Dyann@gmail.com,14388844000166
Daphne,Daphne@gmail.com,42080110000150
Arlena,Arlena@gmail.com,91265641000123
Magdalena,Magdalena@gmail.com,91265641000123
Allyce,Allyce@gmail.com,91265641000123
Rani,Rani@gmail.com,14388844000166
Annecorinne,Annecorinne@gmail.com,42080110000150
Giustina,Giustina@gmail.com,82486891000100
Karena,Karena@gmail.com,14388844000166
Joy,Joy@gmail.com,91265641000123
Pamella,Pamella@gmail.com,86256798000152
Blinni,Blinni@gmail.com,91265641000123
Brana,Brana@gmail.com,91265641000123
Catharine,Catharine@gmail.com,14388844000166
Ricky,Ricky@gmail.com,14388844000166
Joelly,Joelly@gmail.com,86256798000152
Gianina,Gianina@gmail.com,14388844000166
Monika,Monika@gmail.com,86256798000152
Bee,Bee@gmail.com,91265641000123
Leanna,Leanna@gmail.com,82486891000100
Lory,Lory@gmail.com,91265641000123
Kristan,Kristan@gmail.com,82486891000100
Pollyanna,Pollyanna@gmail.com,14388844000166
Bee,Bee@gmail.com,91265641000123
Belva,Belva@gmail.com,82486891000100
Lynnea,Lynnea@gmail.com,42080110000150
Dorthy,Dorthy@gmail.com,14388844000166
Blake,Blake@gmail.com,14388844000166
Gisela,Gisela@gmail.com,82486891000100
Dacia,Dacia@gmail.com,86256798000152
Fina,Fina@gmail.com,82486891000100
Alejandra,Alejandra@gmail.com,14388844000166
Caritta,Caritta@gmail.com,82486891000100
Alyssa,Alyssa@gmail.com,82486891000100
Sue,Sue@gmail.com,82486891000100
Zia,Zia@gmail.com,42080110000150
Selma,Selma@gmail.com,86256798000152
Pollyanna,Pollyanna@gmail.com,86256798000152
Sheelagh,Sheelagh@gmail.com,86256798000152
Leona,Leona@gmail.com,86256798000152
Viki,Viki@gmail.com,82486891000100
Thalia,Thalia@gmail.com,82486891000100
Basia,Basia@gmail.com,86256798000152
Wanda,Wanda@gmail.com,14388844000166
Atlanta,Atlanta@gmail.com,82486891000100
Emylee,Emylee@gmail.com,82486891000100
Karolina,Karolina@gmail.com,14388844000166
Coral,Coral@gmail.com,91265641000123
Danny,Danny@gmail.com,91265641000123
Wilma,Wilma@gmail.com,82486891000100
Barbi,Barbi@gmail.com,82486891000100
Marsiella,Marsiella@gmail.com,42080110000150
Nyssa,Nyssa@gmail.com,82486891000100
Sheree,Sheree@gmail.com,42080110000150
Lita,Lita@gmail.com,42080110000150
Blinni,Blinni@gmail.com,82486891000100
Tobe,Tobe@gmail.com,14388844000166
Elfreda,Elfreda@gmail.com,91265641000123
Aryn,Aryn@gmail.com,86256798000152
Hannis,Hannis@gmail.com,14388844000166
Joane,Joane@gmail.com,91265641000123
Binny,Binny@gmail.com,86256798000152
Ashlee,Ashlee@gmail.com,42080110000150
Vevay,Vevay@gmail.com,42080110000150
Max,Max@gmail.com,91265641000123
Elsie,Elsie@gmail.com,86256798000152
Hettie,Hettie@gmail.com,14388844000166
Alyssa,Alyssa@gmail.com,82486891000100
Merry,Merry@gmail.com,42080110000150
Blondelle,Blondelle@gmail.com,86256798000152
Isa,Isa@gmail.com,91265641000123
Lanna,Lanna@gmail.com,14388844000166
Reeba,Reeba@gmail.com,42080110000150
Esmeralda,Esmeralda@gmail.com,82486891000100
Etta,Etta@gmail.com,91265641000123
Thalia,Thalia@gmail.com,82486891000100
Joane,Joane@gmail.com,91265641000123
Lynde,Lynde@gmail.com,91265641000123
Yetty,Yetty@gmail.com,91265641000123
Cordi,Cordi@gmail.com,86256798000152
Caritta,Caritta@gmail.com,42080110000150
Jolyn,Jolyn@gmail.com,91265641000123
Danny,Danny@gmail.com,91265641000123
Kerrin,Kerrin@gmail.com,14388844000166
Kimberley,Kimberley@gmail.com,86256798000152
Andeee,Andeee@gmail.com,82486891000100
Corry,Corry@gmail.com,82486891000100
Blinni,Blinni@gmail.com,91265641000123
Kaia,Kaia@gmail.com,91265641000123
Tani,Tani@gmail.com,42080110000150
Elise,Elise@gmail.com,82486891000100
Ginnie,Ginnie@gmail.com,42080110000150
Paule,Paule@gmail.com,91265641000123
Cherilyn,Cherilyn@gmail.com,14388844000166
Chrystel,Chrystel@gmail.com,86256798000152
Althea,Althea@gmail.com,42080110000150
Renae,Renae@gmail.com,86256798000152
Dorthy,Dorthy@gmail.com,42080110000150
Magdalena,Magdalena@gmail.com,86256798000152
Kirstin,Kirstin@gmail.com,82486891000100
Emylee,Emylee@gmail.com,42080110000150
Shel,Shel@gmail.com,14388844000166
Tami,Tami@gmail.com,14388844000166
Kate,Kate@gmail.com,86256798000152
Ivett,Ivett@gmail.com,82486891000100
Kayla,Kayla@gmail.com,82486891000100
Kylynn,Kylynn@gmail.com,82486891000100
Emmey,Emmey@gmail.com,86256798000152
Orelia,Orelia@gmail.com,14388844000166
Tina,Tina@gmail.com,86256798000152
Georgina,Georgina@gmail.com,91265641000123
Amalie,Amalie@gmail.com,14388844000166
Queenie,Queenie@gmail.com,14388844000166
Ashlee,Ashlee@gmail.com,14388844000166
Robinia,Robinia@gmail.com,42080110000150
Valeda,Valeda@gmail.com,14388844000166
Nicoli,Nicoli@gmail.com,86256798000152
Annice,Annice@gmail.com,91265641000123
Dania,Dania@gmail.com,42080110000150
Chastity,Chastity@gmail.com,82486891000100
Barbara,Barbara@gmail.com,86256798000152
Jerry,Jerry@gmail.com,14388844000166
Eugine,Eugine@gmail.com,14388844000166
Edee,Edee@gmail.com,82486891000100
Imojean,Imojean@gmail.com,86256798000152
Natka,Natka@gmail.com,86256798000152
Kimberley,Kimberley@gmail.com,14388844000166
Lila,Lila@gmail.com,14388844000166
Michaelina,Michaelina@gmail.com,91265641000123
Tybie,Tybie@gmail.com,14388844000166
Suzette,Suzette@gmail.com,42080110000150
Claresta,Claresta@gmail.com,86256798000152
Amara,Amara@gmail.com,91265641000123
Oralee,Oralee@gmail.com,86256798000152
Harmonia,Harmonia@gmail.com,42080110000150
Amalie,Amalie@gmail.com,42080110000150
Evaleen,Evaleen@gmail.com,82486891000100
Xylina,Xylina@gmail.com,82486891000100
Melanie,Melanie@gmail.com,14388844000166
Gui,Gui@gmail.com,42080110000150
Vonny,Vonny@gmail.com,86256798000152
Ellette,Ellette@gmail.com,14388844000166
Queenie,Queenie@gmail.com,91265641000123
Regina,Regina@gmail.com,82486891000100
Adelle,Adelle@gmail.com,14388844000166
Paulita,Paulita@gmail.com,14388844000166
Philis,Philis@gmail.com,14388844000166
Winny,Winny@gmail.com,82486891000100
Jillayne,Jillayne@gmail.com,82486891000100
Hermione,Hermione@gmail.com,14388844000166
Millie,Millie@gmail.com,14388844000166
Linzy,Linzy@gmail.com,86256798000152
Marti,Marti@gmail.com,82486891000100
Sashenka,Sashenka@gmail.com,86256798000152
Fawne,Fawne@gmail.com,82486891000100
Jenilee,Jenilee@gmail.com,14388844000166
Lisette,Lisette@gmail.com,91265641000123
Roslyn,Roslyn@gmail.com,82486891000100
Marline,Marline@gmail.com,42080110000150
Maye,Maye@gmail.com,82486891000100
Lizzie,Lizzie@gmail.com,14388844000166
Kimberley,Kimberley@gmail.com,91265641000123
Evaleen,Evaleen@gmail.com,82486891000100
Hermione,Hermione@gmail.com,42080110000150
Bee,Bee@gmail.com,86256798000152
Marcy,Marcy@gmail.com,42080110000150
Moyna,Moyna@gmail.com,91265641000123
Rosabelle,Rosabelle@gmail.com,91265641000123
Eadie,Eadie@gmail.com,82486891000100
Vonny,Vonny@gmail.com,91265641000123
Consuela,Consuela@gmail.com,42080110000150
Nita,Nita@gmail.com,42080110000150
Rosanne,Rosanne@gmail.com,42080110000150
Julieta,Julieta@gmail.com,82486891000100
Luci,Luci@gmail.com,82486891000100
Rosene,Rosene@gmail.com,14388844000166
Florencia,Florencia@gmail.com,86256798000152
Lita,Lita@gmail.com,14388844000166
Merci,Merci@gmail.com,82486891000100
Mara,Mara@gmail.com,86256798000152
Petronia,Petronia@gmail.com,82486891000100
Therine,Therine@gmail.com,91265641000123
Vere,Vere@gmail.com,14388844000166
Frieda,Frieda@gmail.com,14388844000166
Joleen,Joleen@gmail.com,42080110000150
Marleah,Marleah@gmail.com,42080110000150
Peri,Peri@gmail.com,14388844000166
Perry,Perry@gmail.com,86256798000152
Jordan,Jordan@gmail.com,82486891000100
Elvira,Elvira@gmail.com,82486891000100
Orelia,Orelia@gmail.com,86256798000152
Arabel,Arabel@gmail.com,42080110000150
Audrie,Audrie@gmail.com,82486891000100
Dominga,Dominga@gmail.com,42080110000150
Donetta,Donetta@gmail.com,14388844000166
Lilith,Lilith@gmail.com,82486891000100
Orelia,Orelia@gmail.com,82486891000100
Jere,Jere@gmail.com,42080110000150
Paola,Paola@gmail.com,91265641000123
Leona,Leona@gmail.com,91265641000123
Evaleen,Evaleen@gmail.com,91265641000123
Pollyanna,Pollyanna@gmail.com,86256798000152
Cordi,Cordi@gmail.com,42080110000150
Andree,Andree@gmail.com,86256798000152
Shell,Shell@gmail.com,86256798000152
Dianemarie,Dianemarie@gmail.com,14388844000166
Tybie,Tybie@gmail.com,82486891000100
Concettina,Concettina@gmail.com,91265641000123
Reeba,Reeba@gmail.com,42080110000150
Starla,Starla@gmail.com,42080110000150
Olivette,Olivette@gmail.com,82486891000100
Lynea,Lynea@gmail.com,86256798000152
Ardys,Ardys@gmail.com,82486891000100
Marita,Marita@gmail.com,42080110000150
Kaja,Kaja@gmail.com,14388844000166
Beth,Beth@gmail.com,91265641000123
Linet,Linet@gmail.com,86256798000152
Marcelline,Marcelline@gmail.com,86256798000152
Rhea,Rhea@gmail.com,42080110000150
Lynea,Lynea@gmail.com,14388844000166
Carilyn,Carilyn@gmail.com,82486891000100
Marnia,Marnia@gmail.com,14388844000166
Ginnie,Ginnie@gmail.com,86256798000152
Dione,Dione@gmail.com,14388844000166
Sharai,Sharai@gmail.com,91265641000123
Tersina,Tersina@gmail.com,14388844000166
Bernardine,Bernardine@gmail.com,14388844000166
Tori,Tori@gmail.com,82486891000100
Odessa,Odessa@gmail.com,91265641000123
Kaja,Kaja@gmail.com,91265641000123
Allis,Allis@gmail.com,82486891000100
Beverley,Beverley@gmail.com,82486891000100
Bertine,Bertine@gmail.com,82486891000100
Melisent,Melisent@gmail.com,86256798000152
Cam,Cam@gmail.com,86256798000152
Ninnetta,Ninnetta@gmail.com,91265641000123
Aaren,Aaren@gmail.com,91265641000123
Gertrud,Gertrud@gmail.com,86256798000152
Alia,Alia@gmail.com,86256798000152
Esmeralda,Esmeralda@gmail.com,82486891000100
Shauna,Shauna@gmail.com,82486891000100
Babita,Babita@gmail.com,86256798000152
Merrie,Merrie@gmail.com,14388844000166
Dede,Dede@gmail.com,82486891000100
Edee,Edee@gmail.com,86256798000152
Teddie,Teddie@gmail.com,91265641000123
Josephine,Josephine@gmail.com,42080110000150
Vivia,Vivia@gmail.com,14388844000166
Rori,Rori@gmail.com,91265641000123
Candi,Candi@gmail.com,82486891000100
Drucie,Drucie@gmail.com,86256798000152
Carly,Carly@gmail.com,82486891000100
Viviene,Viviene@gmail.com,91265641000123
Gwyneth,Gwyneth@gmail.com,86256798000152
Sam,Sam@gmail.com,86256798000152
Tomasina,Tomasina@gmail.com,14388844000166
Romona,Romona@gmail.com,14388844000166
Demetris,Demetris@gmail.com,91265641000123
Wanda,Wanda@gmail.com,42080110000150
Kirbee,Kirbee@gmail.com,86256798000152
Barbi,Barbi@gmail.com,14388844000166
Dacia,Dacia@gmail.com,14388844000166
Feliza,Feliza@gmail.com,82486891000100
Harmonia,Harmonia@gmail.com,82486891000100
Emmey,Emmey@gmail.com,82486891000100
Adriana,Adriana@gmail.com,86256798000152
Andree,Andree@gmail.com,42080110000150
Maye,Maye@gmail.com,86256798000152
Roberta,Roberta@gmail.com,91265641000123
Fredericka,Fredericka@gmail.com,14388844000166
Minne,Minne@gmail.com,91265641000123
Kerrin,Kerrin@gmail.com,91265641000123
Zia,Zia@gmail.com,91265641000123
Gretal,Gretal@gmail.com,91265641000123
Jillayne,Jillayne@gmail.com,82486891000100
Agnese,Agnese@gmail.com,42080110000150
Ingrid,Ingrid@gmail.com,91265641000123
Steffane,Steffane@gmail.com,82486891000100
Karena,Karena@gmail.com,91265641000123
Delilah,Delilah@gmail.com,82486891000100
Margette,Margette@gmail.com,86256798000152
Elfreda,Elfreda@gmail.com,42080110000150
Lanae,Lanae@gmail.com,42080110000150
Jacenta,Jacenta@gmail.com,14388844000166
Sallie,Sallie@gmail.com,14388844000166
Robbi,Robbi@gmail.com,82486891000100
Edee,Edee@gmail.com,82486891000100
Tiffie,Tiffie@gmail.com,91265641000123
Aurore,Aurore@gmail.com,82486891000100
Kristina,Kristina@gmail.com,14388844000166
Frank,Frank@gmail.com,91265641000123
Christy,Christy@gmail.com,14388844000166
Ketti,Ketti@gmail.com,42080110000150
Jean,Jean@gmail.com,82486891000100
Ethel,Ethel@gmail.com,86256798000152
Dennie,Dennie@gmail.com,82486891000100
Alexine,Alexine@gmail.com,91265641000123
Tatiania,Tatiania@gmail.com,91265641000123
Mariele,Mariele@gmail.com,86256798000152
Kirstin,Kirstin@gmail.com,42080110000150
Gertrud,Gertrud@gmail.com,86256798000152
Lorne,Lorne@gmail.com,14388844000166
Cassondra,Cassondra@gmail.com,86256798000152
Madelle,Madelle@gmail.com,86256798000152
Kimberley,Kimberley@gmail.com,82486891000100
Caressa,Caressa@gmail.com,91265641000123
Larine,Larine@gmail.com,42080110000150
Modestia,Modestia@gmail.com,14388844000166
Catrina,Catrina@gmail.com,14388844000166
Damaris,Damaris@gmail.com,91265641000123
Tani,Tani@gmail.com,14388844000166
Ketti,Ketti@gmail.com,91265641000123
Hermione,Hermione@gmail.com,14388844000166
Cherrita,Cherrita@gmail.com,42080110000150
Meg,Meg@gmail.com,14388844000166
Tomasina,Tomasina@gmail.com,91265641000123
Korrie,Korrie@gmail.com,42080110000150
Diena,Diena@gmail.com,42080110000150
Clarice,Clarice@gmail.com,42080110000150
Layla,Layla@gmail.com,42080110000150
Rani,Rani@gmail.com,42080110000150
Briney,Briney@gmail.com,42080110000150
Fidelia,Fidelia@gmail.com,42080110000150
Lyssa,Lyssa@gmail.com,86256798000152
Zsa Zsa,Zsa Zsa@gmail.com,14388844000166
Meriel,Meriel@gmail.com,91265641000123
Marsiella,Marsiella@gmail.com,82486891000100
Sheree,Sheree@gmail.com,91265641000123
Camile,Camile@gmail.com,82486891000100
Helsa,Helsa@gmail.com,82486891000100
Pearline,Pearline@gmail.com,86256798000152
Selia,Selia@gmail.com,91265641000123
Hannis,Hannis@gmail.com,42080110000150
Lauryn,Lauryn@gmail.com,91265641000123
Dari,Dari@gmail.com,86256798000152
Gusty,Gusty@gmail.com,82486891000100
Gretal,Gretal@gmail.com,86256798000152
Tamqrah,Tamqrah@gmail.com,86256798000152
Elka,Elka@gmail.com,91265641000123
Maurene,Maurene@gmail.com,86256798000152
Rori,Rori@gmail.com,91265641000123
Hayley,Hayley@gmail.com,91265641000123
Edee,Edee@gmail.com,86256798000152
Marleah,Marleah@gmail.com,86256798000152
Debee,Debee@gmail.com,82486891000100
Peri,Peri@gmail.com,82486891000100
Alie,Alie@gmail.com,91265641000123
Albertina,Albertina@gmail.com,82486891000100
Anica,Anica@gmail.com,14388844000166
Minda,Minda@gmail.com,91265641000123
Olivette,Olivette@gmail.com,86256798000152
Daryl,Daryl@gmail.com,91265641000123
Maridel,Maridel@gmail.com,14388844000166
Glynnis,Glynnis@gmail.com,91265641000123
Angelique,Angelique@gmail.com,14388844000166
Nariko,Nariko@gmail.com,86256798000152
Barbi,Barbi@gmail.com,82486891000100
Basia,Basia@gmail.com,91265641000123
Karlee,Karlee@gmail.com,42080110000150
Mamie,Mamie@gmail.com,42080110000150
Ellette,Ellette@gmail.com,82486891000100
Maud,Maud@gmail.com,91265641000123
Jerry,Jerry@gmail.com,14388844000166
Maryellen,Maryellen@gmail.com,14388844000166
Caressa,Caressa@gmail.com,86256798000152
Binny,Binny@gmail.com,42080110000150
Raina,Raina@gmail.com,91265641000123
Silvana,Silvana@gmail.com,42080110000150
Aryn,Aryn@gmail.com,91265641000123
Blake,Blake@gmail.com,86256798000152
Zsa Zsa,Zsa Zsa@gmail.com,82486891000100
Tiffie,Tiffie@gmail.com,14388844000166
Cyndie,Cyndie@gmail.com,14388844000166
Peri,Peri@gmail.com,82486891000100
Ayn,Ayn@gmail.com,91265641000123
Netty,Netty@gmail.com,91265641000123
Chastity,Chastity@gmail.com,82486891000100
Netty,Netty@gmail.com,91265641000123
Lonnie,Lonnie@gmail.com,14388844000166
Emelina,Emelina@gmail.com,42080110000150
Almeta,Almeta@gmail.com,86256798000152
Dulce,Dulce@gmail.com,82486891000100
Kristina,Kristina@gmail.com,14388844000166
Nonnah,Nonnah@gmail.com,14388844000166
Ninnetta,Ninnetta@gmail.com,14388844000166
Nita,Nita@gmail.com,14388844000166
Jenda,Jenda@gmail.com,86256798000152
Jan,Jan@gmail.com,82486891000100
Alexine,Alexine@gmail.com,86256798000152
Kate,Kate@gmail.com,14388844000166
Janenna,Janenna@gmail.com,86256798000152
Nyssa,Nyssa@gmail.com,86256798000152
Edee,Edee@gmail.com,42080110000150
Beth,Beth@gmail.com,91265641000123
Starla,Starla@gmail.com,82486891000100
Ira,Ira@gmail.com,14388844000166
Queenie,Queenie@gmail.com,86256798000152
Talya,Talya@gmail.com,14388844000166
Tamqrah,Tamqrah@gmail.com,82486891000100
Jere,Jere@gmail.com,42080110000150
Trudie,Trudie@gmail.com,14388844000166
Sidoney,Sidoney@gmail.com,14388844000166
Sean,Sean@gmail.com,82486891000100
Emylee,Emylee@gmail.com,91265641000123
Annora,Annora@gmail.com,86256798000152
Tybie,Tybie@gmail.com,82486891000100
Jaclyn,Jaclyn@gmail.com,42080110000150
Leanna,Leanna@gmail.com,42080110000150
Rosanne,Rosanne@gmail.com,14388844000166
Averyl,Averyl@gmail.com,14388844000166
Tabbatha,Tabbatha@gmail.com,91265641000123
Frances,Frances@gmail.com,86256798000152
Starla,Starla@gmail.com,82486891000100
Orsola,Orsola@gmail.com,91265641000123
Dorothy,Dorothy@gmail.com,91265641000123
Alejandra,Alejandra@gmail.com,86256798000152
Stacey,Stacey@gmail.com,14388844000166
Jinny,Jinny@gmail.com,86256798000152
Lusa,Lusa@gmail.com,42080110000150
Cherrita,Cherrita@gmail.com,82486891000100
Marjie,Marjie@gmail.com,82486891000100
Leona,Leona@gmail.com,86256798000152
Steffane,Steffane@gmail.com,42080110000150
Meghann,Meghann@gmail.com,86256798000152
Joleen,Joleen@gmail.com,82486891000100
Myrtice,Myrtice@gmail.com,14388844000166
Belva,Belva@gmail.com,82486891000100
Nanete,Nanete@gmail.com,42080110000150
Talya,Talya@gmail.com,82486891000100
Brianna,Brianna@gmail.com,14388844000166
Wilma,Wilma@gmail.com,14388844000166
Di,Di@gmail.com,82486891000100
Kial,Kial@gmail.com,14388844000166
Dacia,Dacia@gmail.com,14388844000166
Keelia,Keelia@gmail.com,42080110000150
Riannon,Riannon@gmail.com,91265641000123
Meg,Meg@gmail.com,42080110000150
Janis,Janis@gmail.com,91265641000123
Lynea,Lynea@gmail.com,91265641000123
Olivette,Olivette@gmail.com,91265641000123
Catrina,Catrina@gmail.com,82486891000100
Minda,Minda@gmail.com,14388844000166
Aili,Aili@gmail.com,86256798000152
Jaclyn,Jaclyn@gmail.com,86256798000152
Lulita,Lulita@gmail.com,82486891000100
Gavrielle,Gavrielle@gmail.com,14388844000166
Angelique,Angelique@gmail.com,82486891000100
Caritta,Caritta@gmail.com,42080110000150
Gretal,Gretal@gmail.com,14388844000166
Blondelle,Blondelle@gmail.com,86256798000152
Katharina,Katharina@gmail.com,82486891000100
Florie,Florie@gmail.com,14388844000166
Ira,Ira@gmail.com,42080110000150
Dari,Dari@gmail.com,14388844000166
Molli,Molli@gmail.com,42080110000150
Jessamyn,Jessamyn@gmail.com,82486891000100
Brandise,Brandise@gmail.com,86256798000152
Rosene,Rosene@gmail.com,86256798000152
Winifred,Winifred@gmail.com,82486891000100
Sissy,Sissy@gmail.com,82486891000100
Ileana,Ileana@gmail.com,82486891000100
Stephanie,Stephanie@gmail.com,86256798000152
Damaris,Damaris@gmail.com,91265641000123
Shirlee,Shirlee@gmail.com,14388844000166
Monika,Monika@gmail.com,82486891000100
Catrina,Catrina@gmail.com,14388844000166
Babita,Babita@gmail.com,91265641000123
Selia,Selia@gmail.com,82486891000100
Jeanna,Jeanna@gmail.com,42080110000150
Babita,Babita@gmail.com,42080110000150
Basia,Basia@gmail.com,42080110000150
Katuscha,Katuscha@gmail.com,14388844000166
Magdalena,Magdalena@gmail.com,42080110000150
Myriam,Myriam@gmail.com,82486891000100
Merry,Merry@gmail.com,91265641000123
Robinia,Robinia@gmail.com,91265641000123
Gilligan,Gilligan@gmail.com,91265641000123
Britni,Britni@gmail.com,42080110000150
Shell,Shell@gmail.com,14388844000166
Flory,Flory@gmail.com,86256798000152
Selma,Selma@gmail.com,14388844000166
Ketti,Ketti@gmail.com,82486891000100
Jany,Jany@gmail.com,91265641000123
Fredericka,Fredericka@gmail.com,42080110000150
Consuela,Consuela@gmail.com,14388844000166
Cherrita,Cherrita@gmail.com,14388844000166
Deirdre,Deirdre@gmail.com,14388844000166
Averyl,Averyl@gmail.com,82486891000100
Melanie,Melanie@gmail.com,14388844000166
Paule,Paule@gmail.com,82486891000100
Farrah,Farrah@gmail.com,91265641000123
Ekaterina,Ekaterina@gmail.com,91265641000123
Jsandye,Jsandye@gmail.com,42080110000150
Olivette,Olivette@gmail.com,91265641000123
Laurene,Laurene@gmail.com,42080110000150
Corly,Corly@gmail.com,14388844000166
Kelly,Kelly@gmail.com,86256798000152
Esmeralda,Esmeralda@gmail.com,91265641000123
Marinna,Marinna@gmail.com,91265641000123
Ketti,Ketti@gmail.com,14388844000166
Joleen,Joleen@gmail.com,91265641000123
Jacquetta,Jacquetta@gmail.com,82486891000100
Jere,Jere@gmail.com,82486891000100
Jennica,Jennica@gmail.com,82486891000100
Atlanta,Atlanta@gmail.com,86256798000152
Tracey,Tracey@gmail.com,91265641000123
Albertina,Albertina@gmail.com,42080110000150
Xylina,Xylina@gmail.com,91265641000123
Lory,Lory@gmail.com,42080110000150
Teddie,Teddie@gmail.com,91265641000123
Brana,Brana@gmail.com,42080110000150
Bobbi,Bobbi@gmail.com,14388844000166
Barbara,Barbara@gmail.com,42080110000150
Livvyy,Livvyy@gmail.com,14388844000166
Asia,Asia@gmail.com,91265641000123
Daune,Daune@gmail.com,14388844000166
Collen,Collen@gmail.com,86256798000152
Elmira,Elmira@gmail.com,82486891000100
Vere,Vere@gmail.com,86256798000152
Marsiella,Marsiella@gmail.com,14388844000166
Wanda,Wanda@gmail.com,42080110000150
Nita,Nita@gmail.com,91265641000123
Jordan,Jordan@gmail.com,14388844000166
Ninnetta,Ninnetta@gmail.com,42080110000150
Janey,Janey@gmail.com,86256798000152
Almeta,Almeta@gmail.com,86256798000152
Kaja,Kaja@gmail.com,14388844000166
Helsa,Helsa@gmail.com,91265641000123
Margette,Margette@gmail.com,91265641000123
Sandie,Sandie@gmail.com,86256798000152
Teriann,Teriann@gmail.com,86256798000152
Emelina,Emelina@gmail.com,91265641000123
Dione,Dione@gmail.com,86256798000152
Letizia,Letizia@gmail.com,42080110000150
Kristan,Kristan@gmail.com,82486891000100
Berget,Berget@gmail.com,91265641000123
Darci,Darci@gmail.com,86256798000152
Di,Di@gmail.com,82486891000100
Ada,Ada@gmail.com,91265641000123
Lolita,Lolita@gmail.com,86256798000152
Doro,Doro@gmail.com,91265641000123
Fina,Fina@gmail.com,86256798000152
Jasmina,Jasmina@gmail.com,42080110000150
Annora,Annora@gmail.com,82486891000100
Lucille,Lucille@gmail.com,42080110000150
Sherrie,Sherrie@gmail.com,82486891000100
Violet,Violet@gmail.com,91265641000123
Betta,Betta@gmail.com,42080110000150
Joelly,Joelly@gmail.com,91265641000123
Lacie,Lacie@gmail.com,86256798000152
Sabina,Sabina@gmail.com,91265641000123
Larine,Larine@gmail.com,82486891000100
Bettine,Bettine@gmail.com,14388844000166
Eadie,Eadie@gmail.com,91265641000123
Nickie,Nickie@gmail.com,91265641000123
Agnese,Agnese@gmail.com,14388844000166
Nelle,Nelle@gmail.com,14388844000166
Tybie,Tybie@gmail.com,82486891000100
Kalina,Kalina@gmail.com,42080110000150
Chastity,Chastity@gmail.com,86256798000152
Damaris,Damaris@gmail.com,14388844000166
Charlena,Charlena@gmail.com,14388844000166
Tera,Tera@gmail.com,14388844000166
Sophia,Sophia@gmail.com,14388844000166
Kassey,Kassey@gmail.com,82486891000100
Darlleen,Darlleen@gmail.com,82486891000100
Jsandye,Jsandye@gmail.com,14388844000166
Sean,Sean@gmail.com,91265641000123
Ursulina,Ursulina@gmail.com,82486891000100
Alia,Alia@gmail.com,82486891000100
Norine,Norine@gmail.com,14388844000166
Giustina,Giustina@gmail.com,14388844000166
Wynne,Wynne@gmail.com,91265641000123
Nadine,Nadine@gmail.com,82486891000100
Neila,Neila@gmail.com,14388844000166
Melina,Melina@gmail.com,82486891000100
Kristan,Kristan@gmail.com,42080110000150
Tabbatha,Tabbatha@gmail.com,86256798000152
Hannis,Hannis@gmail.com,82486891000100
Melina,Melina@gmail.com,14388844000166
Starla,Starla@gmail.com,42080110000150
Imojean,Imojean@gmail.com,86256798000152
Grier,Grier@gmail.com,86256798000152
Gianina,Gianina@gmail.com,86256798000152
Delilah,Delilah@gmail.com,91265641000123
Katharina,Katharina@gmail.com,14388844000166
Myrtice,Myrtice@gmail.com,14388844000166
Kathi,Kathi@gmail.com,82486891000100
Wileen,Wileen@gmail.com,82486891000100
Layla,Layla@gmail.com,82486891000100
Bibby,Bibby@gmail.com,82486891000100
Lelah,Lelah@gmail.com,82486891000100
Elvira,Elvira@gmail.com,82486891000100
Trixi,Trixi@gmail.com,91265641000123
Jillayne,Jillayne@gmail.com,86256798000152
Fanny,Fanny@gmail.com,14388844000166
Lucy,Lucy@gmail.com,14388844000166
Cathie,Cathie@gmail.com,42080110000150
Steffane,Steffane@gmail.com,91265641000123
Belva,Belva@gmail.com,14388844000166
Penelopa,Penelopa@gmail.com,86256798000152
Daphne,Daphne@gmail.com,42080110000150
Katharina,Katharina@gmail.com,14388844000166
Shel,Shel@gmail.com,42080110000150
Marguerite,Marguerite@gmail.com,42080110000150
Oralee,Oralee@gmail.com,14388844000166
Lanna,Lanna@gmail.com,42080110000150
Paola,Paola@gmail.com,86256798000152
Binny,Binny@gmail.com,86256798000152
Norine,Norine@gmail.com,91265641000123
Jessamyn,Jessamyn@gmail.com,14388844000166
Oralee,Oralee@gmail.com,42080110000150
Gabriellia,Gabriellia@gmail.com,82486891000100
Nannie,Nannie@gmail.com,14388844000166
Peri,Peri@gmail.com,14388844000166
Eugine,Eugine@gmail.com,91265641000123
Vonny,Vonny@gmail.com,14388844000166
Christy,Christy@gmail.com,91265641000123
Linet,Linet@gmail.com,91265641000123
Rosanne,Rosanne@gmail.com,86256798000152
Bee,Bee@gmail.com,42080110000150
Aubrie,Aubrie@gmail.com,91265641000123
Sibella,Sibella@gmail.com,86256798000152
Ardeen,Ardeen@gmail.com,86256798000152
Odessa,Odessa@gmail.com,86256798000152
Henriette,Henriette@gmail.com,42080110000150
Cyndie,Cyndie@gmail.com,86256798000152
Nannie,Nannie@gmail.com,86256798000152
Flo,Flo@gmail.com,42080110000150
Cordi,Cordi@gmail.com,82486891000100
Carol-Jean,Carol-Jean@gmail.com,14388844000166
Caryl,Caryl@gmail.com,82486891000100
Kial,Kial@gmail.com,91265641000123
Janeczka,Janeczka@gmail.com,14388844000166
Isa,Isa@gmail.com,14388844000166
Codie,Codie@gmail.com,14388844000166
Adelle,Adelle@gmail.com,14388844000166
Winny,Winny@gmail.com,82486891000100
Ronna,Ronna@gmail.com,86256798000152
Viki,Viki@gmail.com,82486891000100
Cristabel,Cristabel@gmail.com,86256798000152
Fernande,Fernande@gmail.com,14388844000166
Clementine,Clementine@gmail.com,82486891000100
Allis,Allis@gmail.com,42080110000150
Inga,Inga@gmail.com,91265641000123
Meghann,Meghann@gmail.com,14388844000166
Tatiania,Tatiania@gmail.com,91265641000123
Linet,Linet@gmail.com,42080110000150
Winny,Winny@gmail.com,91265641000123
Cathie,Cathie@gmail.com,91265641000123
Hermione,Hermione@gmail.com,91265641000123
Elbertina,Elbertina@gmail.com,14388844000166
Fred,Fred@gmail.com,86256798000152
Meriel,Meriel@gmail.com,86256798000152
Emmey,Emmey@gmail.com,86256798000152
Sashenka,Sashenka@gmail.com,42080110000150
Philis,Philis@gmail.com,86256798000152
Modestia,Modestia@gmail.com,42080110000150
Tierney,Tierney@gmail.com,82486891000100
Rayna,Rayna@gmail.com,86256798000152
Lynea,Lynea@gmail.com,86256798000152
Gusella,Gusella@gmail.com,42080110000150
Janis,Janis@gmail.com,91265641000123
Sybille,Sybille@gmail.com,82486891000100
Ann-Marie,Ann-Marie@gmail.com,86256798000152
Ottilie,Ottilie@gmail.com,82486891000100
Grier,Grier@gmail.com,82486891000100
Celene,Celene@gmail.com,86256798000152
Damaris,Damaris@gmail.com,14388844000166
Judy,Judy@gmail.com,42080110000150
Jennica,Jennica@gmail.com,14388844000166
Kial,Kial@gmail.com,42080110000150
Dominga,Dominga@gmail.com,86256798000152
Wanda,Wanda@gmail.com,42080110000150
Jackie,Jackie@gmail.com,42080110000150
Janis,Janis@gmail.com,42080110000150
Jean,Jean@gmail.com,86256798000152
Caressa,Caressa@gmail.com,14388844000166
Albertina,Albertina@gmail.com,14388844000166
Corry,Corry@gmail.com,86256798000152
Anthia,Anthia@gmail.com,42080110000150
Marylou,Marylou@gmail.com,82486891000100
Nariko,Nariko@gmail.com,82486891000100
Hettie,Hettie@gmail.com,82486891000100
Nickie,Nickie@gmail.com,91265641000123
Shandie,Shandie@gmail.com,42080110000150
Valeda,Valeda@gmail.com,86256798000152
Nannie,Nannie@gmail.com,14388844000166
Vivia,Vivia@gmail.com,42080110000150
Kenna,Kenna@gmail.com,91265641000123
Lauryn,Lauryn@gmail.com,82486891000100
Yvonne,Yvonne@gmail.com,82486891000100
Phedra,Phedra@gmail.com,86256798000152
Belinda,Belinda@gmail.com,14388844000166
Fina,Fina@gmail.com,82486891000100
Alyssa,Alyssa@gmail.com,14388844000166
Chrystel,Chrystel@gmail.com,14388844000166
Ermengarde,Ermengarde@gmail.com,14388844000166
Meg,Meg@gmail.com,82486891000100
Shauna,Shauna@gmail.com,86256798000152
Jinny,Jinny@gmail.com,42080110000150
Tierney,Tierney@gmail.com,82486891000100
Veda,Veda@gmail.com,14388844000166
Mahalia,Mahalia@gmail.com,86256798000152
Tonia,Tonia@gmail.com,14388844000166
Aubrie,Aubrie@gmail.com,86256798000152
Therine,Therine@gmail.com,86256798000152
Thalia,Thalia@gmail.com,82486891000100
Ermengarde,Ermengarde@gmail.com,82486891000100
Mignon,Mignon@gmail.com,42080110000150
Nollie,Nollie@gmail.com,82486891000100
Orelia,Orelia@gmail.com,82486891000100
Moyna,Moyna@gmail.com,91265641000123
Marnia,Marnia@gmail.com,42080110000150
Johna,Johna@gmail.com,82486891000100
Arabel,Arabel@gmail.com,91265641000123
Ekaterina,Ekaterina@gmail.com,82486891000100
Melisent,Melisent@gmail.com,91265641000123
Caryl,Caryl@gmail.com,82486891000100
Belinda,Belinda@gmail.com,82486891000100
Liana,Liana@gmail.com,86256798000152
Sue,Sue@gmail.com,91265641000123
Elyssa,Elyssa@gmail.com,86256798000152
Lolita,Lolita@gmail.com,82486891000100
Anestassia,Anestassia@gmail.com,86256798000152
Dyann,Dyann@gmail.com,82486891000100
Kathi,Kathi@gmail.com,42080110000150
Ellette,Ellette@gmail.com,42080110000150
Gerianna,Gerianna@gmail.com,42080110000150
Lucille,Lucille@gmail.com,86256798000152
Jaime,Jaime@gmail.com,42080110000150
Sandie,Sandie@gmail.com,14388844000166
Fidelia,Fidelia@gmail.com,14388844000166
Linzy,Linzy@gmail.com,82486891000100
Ronna,Ronna@gmail.com,91265641000123
Selia,Selia@gmail.com,82486891000100
Paulita,Paulita@gmail.com,14388844000166
Tierney,Tierney@gmail.com,14388844000166
Frances,Frances@gmail.com,42080110000150
Alameda,Alameda@gmail.com,14388844000166
Kittie,Kittie@gmail.com,14388844000166
Carmencita,Carmencita@gmail.com,82486891000100
Madeleine,Madeleine@gmail.com,82486891000100
Jacenta,Jacenta@gmail.com,86256798000152
Kirbee,Kirbee@gmail.com,14388844000166
Anthia,Anthia@gmail.com,14388844000166
Carolina,Carolina@gmail.com,14388844000166
Dale,Dale@gmail.com,82486891000100
Abbie,Abbie@gmail.com,42080110000150
Cristabel,Cristabel@gmail.com,82486891000100
Cacilie,Cacilie@gmail.com,14388844000166
Kary,Kary@gmail.com,14388844000166
Harmonia,Harmonia@gmail.com,14388844000166
Nonnah,Nonnah@gmail.com,82486891000100
Dorothy,Dorothy@gmail.com,42080110000150
Valli,Valli@gmail.com,42080110000150
Mallory,Mallory@gmail.com,14388844000166
Desirae,Desirae@gmail.com,86256798000152
Lita,Lita@gmail.com,82486891000100
Ardenia,Ardenia@gmail.com,14388844000166
Modestia,Modestia@gmail.com,14388844000166
Mariann,Mariann@gmail.com,91265641000123
Allis,Allis@gmail.com,86256798000152
Kate,Kate@gmail.com,14388844000166
Jany,Jany@gmail.com,14388844000166
Jessamyn,Jessamyn@gmail.com,42080110000150
Nikki,Nikki@gmail.com,86256798000152
Shauna,Shauna@gmail.com,82486891000100
Kenna,Kenna@gmail.com,14388844000166
Gabriellia,Gabriellia@gmail.com,42080110000150
Danika,Danika@gmail.com,91265641000123
Dione,Dione@gmail.com,42080110000150
Queenie,Queenie@gmail.com,86256798000152
Janis,Janis@gmail.com,91265641000123
Dode,Dode@gmail.com,14388844000166
Lolita,Lolita@gmail.com,42080110000150
Winifred,Winifred@gmail.com,91265641000123
Fidelia,Fidelia@gmail.com,86256798000152
Melanie,Melanie@gmail.com,14388844000166
Tani,Tani@gmail.com,14388844000166
Larine,Larine@gmail.com,42080110000150
Layla,Layla@gmail.com,91265641000123
Ardeen,Ardeen@gmail.com,42080110000150
Caryl,Caryl@gmail.com,91265641000123
Ottilie,Ottilie@gmail.com,14388844000166
Brietta,Brietta@gmail.com,14388844000166
Dorene,Dorene@gmail.com,91265641000123
Moyna,Moyna@gmail.com,82486891000100
Paulita,Paulita@gmail.com,14388844000166
Emmey,Emmey@gmail.com,14388844000166
Shaine,Shaine@gmail.com,14388844000166
Danny,Danny@gmail.com,86256798000152
Petronia,Petronia@gmail.com,82486891000100
Rosanne,Rosanne@gmail.com,86256798000152
Raina,Raina@gmail.com,91265641000123
Fina,Fina@gmail.com,42080110000150
Ellette,Ellette@gmail.com,86256798000152
Millie,Millie@gmail.com,91265641000123
Emilia,Emilia@gmail.com,86256798000152
Ericka,Ericka@gmail.com,14388844000166
Keelia,Keelia@gmail.com,82486891000100
Ashlee,Ashlee@gmail.com,91265641000123
Dominga,Dominga@gmail.com,82486891000100
Vivia,Vivia@gmail.com,86256798000152
Briney,Briney@gmail.com,42080110000150
Madelle,Madelle@gmail.com,14388844000166
Emmey,Emmey@gmail.com,82486891000100
Theodora,Theodora@gmail.com,86256798000152
Karena,Karena@gmail.com,91265641000123
Lindie,Lindie@gmail.com,91265641000123
Lory,Lory@gmail.com,14388844000166
Paulita,Paulita@gmail.com,91265641000123
Bill,Bill@gmail.com,14388844000166
Paola,Paola@gmail.com,42080110000150
Basia,Basia@gmail.com,91265641000123
Darci,Darci@gmail.com,42080110000150
Deane,Deane@gmail.com,14388844000166
Henriette,Henriette@gmail.com,82486891000100
Zondra,Zondra@gmail.com,86256798000152
Chere,Chere@gmail.com,86256798000152
Ginnie,Ginnie@gmail.com,86256798000152
Renae,Renae@gmail.com,42080110000150
Libbie,Libbie@gmail.com,86256798000152
Tilly,Tilly@gmail.com,82486891000100
Netty,Netty@gmail.com,91265641000123
Willetta,Willetta@gmail.com,86256798000152
Gilligan,Gilligan@gmail.com,42080110000150
Peri,Peri@gmail.com,42080110000150
Gale,Gale@gmail.com,91265641000123
Viviene,Viviene@gmail.com,86256798000152
Bobbi,Bobbi@gmail.com,91265641000123
Eadie,Eadie@gmail.com,82486891000100
Katleen,Katleen@gmail.com,82486891000100
Ronna,Ronna@gmail.com,86256798000152
Bee,Bee@gmail.com,82486891000100
Ira,Ira@gmail.com,14388844000166
Sheree,Sheree@gmail.com,42080110000150
Adelle,Adelle@gmail.com,91265641000123
Elyssa,Elyssa@gmail.com,14388844000166
Dania,Dania@gmail.com,86256798000152
Sonni,Sonni@gmail.com,82486891000100
Teriann,Teriann@gmail.com,86256798000152
Chere,Chere@gmail.com,14388844000166
Cathie,Cathie@gmail.com,86256798000152
Tori,Tori@gmail.com,82486891000100
Emmey,Emmey@gmail.com,42080110000150
Felice,Felice@gmail.com,42080110000150
Renie,Renie@gmail.com,42080110000150
Ketti,Ketti@gmail.com,42080110000150
Rubie,Rubie@gmail.com,82486891000100
Chickie,Chickie@gmail.com,86256798000152
Joane,Joane@gmail.com,82486891000100
Sherrie,Sherrie@gmail.com,86256798000152
Elfreda,Elfreda@gmail.com,14388844000166
Steffane,Steffane@gmail.com,14388844000166
Yvonne,Yvonne@gmail.com,14388844000166
Fred,Fred@gmail.com,91265641000123
Flo,Flo@gmail.com,86256798000152
Cordi,Cordi@gmail.com,82486891000100
Stephanie,Stephanie@gmail.com,14388844000166
Ricky,Ricky@gmail.com,86256798000152
Natka,Natka@gmail.com,91265641000123
Lulita,Lulita@gmail.com,14388844000166
Robinia,Robinia@gmail.com,42080110000150
Latisha,Latisha@gmail.com,86256798000152
Rosanne,Rosanne@gmail.com,86256798000152
Eolanda,Eolanda@gmail.com,86256798000152
Roberta,Roberta@gmail.com,91265641000123
Vevay,Vevay@gmail.com,14388844000166
Elmira,Elmira@gmail.com,91265641000123
Dotty,Dotty@gmail.com,91265641000123
Elvira,Elvira@gmail.com,91265641000123
Hildegaard,Hildegaard@gmail.com,82486891000100
Gloria,Gloria@gmail.com,86256798000152
Lily,Lily@gmail.com,42080110000150
Anallese,Anallese@gmail.com,42080110000150
Marylou,Marylou@gmail.com,82486891000100
Teddie,Teddie@gmail.com,91265641000123
Kassey,Kassey@gmail.com,14388844000166
Cathie,Cathie@gmail.com,91265641000123
Inga,Inga@gmail.com,91265641000123
Lisette,Lisette@gmail.com,82486891000100
Therine,Therine@gmail.com,82486891000100
Marnia,Marnia@gmail.com,91265641000123
Hope,Hope@gmail.com,86256798000152
Pierette,Pierette@gmail.com,86256798000152
Wileen,Wileen@gmail.com,82486891000100
Beth,Beth@gmail.com,42080110000150
Jobi,Jobi@gmail.com,42080110000150
Melina,Melina@gmail.com,42080110000150
Moyna,Moyna@gmail.com,42080110000150
Gratia,Gratia@gmail.com,86256798000152
Magdalena,Magdalena@gmail.com,82486891000100
Fredericka,Fredericka@gmail.com,14388844000166
Layla,Layla@gmail.com,14388844000166
Damaris,Damaris@gmail.com,82486891000100
Jere,Jere@gmail.com,91265641000123
Marylou,Marylou@gmail.com,82486891000100
Marylou,Marylou@gmail.com,91265641000123
Annecorinne,Annecorinne@gmail.com,86256798000152
Barbara,Barbara@gmail.com,82486891000100
Maridel,Maridel@gmail.com,86256798000152
Karolina,Karolina@gmail.com,91265641000123
Anestassia,Anestassia@gmail.com,86256798000152
Diena,Diena@gmail.com,86256798000152
Noelle,Noelle@gmail.com,82486891000100
June,June@gmail.com,14388844000166
Aili,Aili@gmail.com,14388844000166
Fernande,Fernande@gmail.com,42080110000150
Babita,Babita@gmail.com,14388844000166
Nadine,Nadine@gmail.com,82486891000100
Tamqrah,Tamqrah@gmail.com,82486891000100
Isa,Isa@gmail.com,82486891000100
Ericka,Ericka@gmail.com,42080110000150
Delilah,Delilah@gmail.com,86256798000152
Libbie,Libbie@gmail.com,82486891000100
Janeczka,Janeczka@gmail.com,14388844000166
Ileana,Ileana@gmail.com,91265641000123
Juliane,Juliane@gmail.com,42080110000150
Clementine,Clementine@gmail.com,42080110000150
Fernande,Fernande@gmail.com,14388844000166
Lusa,Lusa@gmail.com,14388844000166
Loree,Loree@gmail.com,86256798000152
Dacia,Dacia@gmail.com,42080110000150
Ivett,Ivett@gmail.com,86256798000152
Belva,Belva@gmail.com,86256798000152
Elmira,Elmira@gmail.com,82486891000100
Lyssa,Lyssa@gmail.com,91265641000123
Kirbee,Kirbee@gmail.com,82486891000100
Catrina,Catrina@gmail.com,91265641000123
Ulrike,Ulrike@gmail.com,14388844000166
Nita,Nita@gmail.com,82486891000100
Lynnea,Lynnea@gmail.com,82486891000100
Gusty,Gusty@gmail.com,86256798000152
Alex,Alex@gmail.com,91265641000123
Wendi,Wendi@gmail.com,42080110000150
Lacie,Lacie@gmail.com,82486891000100
Tarra,Tarra@gmail.com,14388844000166
Dianemarie,Dianemarie@gmail.com,86256798000152
Leia,Leia@gmail.com,14388844000166
Cissiee,Cissiee@gmail.com,82486891000100
Dorothy,Dorothy@gmail.com,86256798000152
Nollie,Nollie@gmail.com,86256798000152
Robinia,Robinia@gmail.com,14388844000166
Michaelina,Michaelina@gmail.com,42080110000150
Ninnetta,Ninnetta@gmail.com,14388844000166
Phedra,Phedra@gmail.com,14388844000166
Adelle,Adelle@gmail.com,42080110000150
Lizzie,Lizzie@gmail.com,82486891000100
Marleah,Marleah@gmail.com,42080110000150
Shaine,Shaine@gmail.com,91265641000123
Jenilee,Jenilee@gmail.com,91265641000123
Tilly,Tilly@gmail.com,91265641000123
Jaclyn,Jaclyn@gmail.com,91265641000123
Meg,Meg@gmail.com,91265641000123
Reeba,Reeba@gmail.com,91265641000123
Esmeralda,Esmeralda@gmail.com,86256798000152
Di,Di@gmail.com,86256798000152
Nickie,Nickie@gmail.com,86256798000152
Chandra,Chandra@gmail.com,91265641000123
Frances,Frances@gmail.com,91265641000123
Madelle,Madelle@gmail.com,42080110000150
Vere,Vere@gmail.com,14388844000166
Frances,Frances@gmail.com,42080110000150
Wynne,Wynne@gmail.com,42080110000150
Helsa,Helsa@gmail.com,82486891000100
Claresta,Claresta@gmail.com,86256798000152
Laurene,Laurene@gmail.com,14388844000166
Elise,Elise@gmail.com,91265641000123
Angela,Angela@gmail.com,91265641000123
Justinn,Justinn@gmail.com,82486891000100
Kore,Kore@gmail.com,42080110000150
Nollie,Nollie@gmail.com,86256798000152
Delilah,Delilah@gmail.com,86256798000152
Lesly,Lesly@gmail.com,86256798000152
Monika,Monika@gmail.com,14388844000166
Tierney,Tierney@gmail.com,91265641000123
Alexine,Alexine@gmail.com,14388844000166
Blake,Blake@gmail.com,42080110000150
Celisse,Celisse@gmail.com,42080110000150
Layla,Layla@gmail.com,82486891000100
Lenna,Lenna@gmail.com,82486891000100
Joeann,Joeann@gmail.com,91265641000123
Ottilie,Ottilie@gmail.com,91265641000123
Andeee,Andeee@gmail.com,86256798000152
Brianna,Brianna@gmail.com,86256798000152
Shirlee,Shirlee@gmail.com,82486891000100
Kerrin,Kerrin@gmail.com,42080110000150
Merry,Merry@gmail.com,86256798000152
Hollie,Hollie@gmail.com,42080110000150
Sharai,Sharai@gmail.com,42080110000150
Amii,Amii@gmail.com,91265641000123
Dulcinea,Dulcinea@gmail.com,42080110000150
Corry,Corry@gmail.com,42080110000150
Mignon,Mignon@gmail.com,42080110000150
Carol-Jean,Carol-Jean@gmail.com,86256798000152
Fawne,Fawne@gmail.com,14388844000166
Cathyleen,Cathyleen@gmail.com,86256798000152
Josephine,Josephine@gmail.com,14388844000166
Wynne,Wynne@gmail.com,82486891000100
Adore,Adore@gmail.com,91265641000123
Bernie,Bernie@gmail.com,91265641000123
Roseline,Roseline@gmail.com,82486891000100
Lilith,Lilith@gmail.com,42080110000150
Beverley,Beverley@gmail.com,42080110000150
Lusa,Lusa@gmail.com,82486891000100
Marnia,Marnia@gmail.com,86256798000152
Annora,Annora@gmail.com,42080110000150
Gwyneth,Gwyneth@gmail.com,42080110000150
Norine,Norine@gmail.com,42080110000150
Max,Max@gmail.com,82486891000100
Marinna,Marinna@gmail.com,91265641000123
Edith,Edith@gmail.com,42080110000150
Juliane,Juliane@gmail.com,42080110000150
Robinia,Robinia@gmail.com,86256798000152
Christy,Christy@gmail.com,86256798000152
Trudie,Trudie@gmail.com,14388844000166
Kassey,Kassey@gmail.com,42080110000150
Gui,Gui@gmail.com,91265641000123
Myriam,Myriam@gmail.com,82486891000100
Vere,Vere@gmail.com,14388844000166
Fanchon,Fanchon@gmail.com,91265641000123
Tori,Tori@gmail.com,42080110000150
Paule,Paule@gmail.com,91265641000123
Shaine,Shaine@gmail.com,42080110000150
Aimil,Aimil@gmail.com,14388844000166
Damaris,Damaris@gmail.com,86256798000152
Barbi,Barbi@gmail.com,86256798000152
Agathe,Agathe@gmail.com,82486891000100
Yetty,Yetty@gmail.com,86256798000152
Fanny,Fanny@gmail.com,42080110000150
Veda,Veda@gmail.com,86256798000152
Kimberley,Kimberley@gmail.com,91265641000123
Wanda,Wanda@gmail.com,82486891000100
Johna,Johna@gmail.com,91265641000123
Sherrie,Sherrie@gmail.com,86256798000152
Lynde,Lynde@gmail.com,91265641000123
Sonni,Sonni@gmail.com,42080110000150
Dode,Dode@gmail.com,42080110000150
Beatriz,Beatriz@gmail.com,14388844000166
Reeba,Reeba@gmail.com,14388844000166
Kylynn,Kylynn@gmail.com,82486891000100
Letizia,Letizia@gmail.com,14388844000166
Dulce,Dulce@gmail.com,14388844000166
Katharina,Katharina@gmail.com,91265641000123
Wanda,Wanda@gmail.com,82486891000100
Alie,Alie@gmail.com,82486891000100
Chloris,Chloris@gmail.com,86256798000152
Vere,Vere@gmail.com,42080110000150
Leanna,Leanna@gmail.com,42080110000150
Fawne,Fawne@gmail.com,91265641000123
Jolyn,Jolyn@gmail.com,91265641000123
Ursulina,Ursulina@gmail.com,14388844000166
Tani,Tani@gmail.com,82486891000100
Marsiella,Marsiella@gmail.com,42080110000150
Lorne,Lorne@gmail.com,82486891000100
Latisha,Latisha@gmail.com,91265641000123
Frances,Frances@gmail.com,82486891000100
Damaris,Damaris@gmail.com,14388844000166
Louella,Louella@gmail.com,91265641000123
Dorice,Dorice@gmail.com,14388844000166
Therine,Therine@gmail.com,42080110000150
Edyth,Edyth@gmail.com,14388844000166
Johna,Johna@gmail.com,86256798000152
Janis,Janis@gmail.com,91265641000123
Nita,Nita@gmail.com,86256798000152
Beverley,Beverley@gmail.com,82486891000100
Nerta,Nerta@gmail.com,86256798000152
Mamie,Mamie@gmail.com,82486891000100
Amii,Amii@gmail.com,91265641000123
Leia,Leia@gmail.com,42080110000150
Debee,Debee@gmail.com,82486891000100
Sheree,Sheree@gmail.com,42080110000150
Tomasina,Tomasina@gmail.com,42080110000150
Joane,Joane@gmail.com,86256798000152
Briney,Briney@gmail.com,82486891000100
Larine,Larine@gmail.com,14388844000166
Dale,Dale@gmail.com,42080110000150
Beth,Beth@gmail.com,86256798000152
Joane,Joane@gmail.com,86256798000152
Goldie,Goldie@gmail.com,14388844000166
Joane,Joane@gmail.com,86256798000152
Darlleen,Darlleen@gmail.com,82486891000100
Mellicent,Mellicent@gmail.com,42080110000150
Angela,Angela@gmail.com,42080110000150
Katleen,Katleen@gmail.com,42080110000150
Janey,Janey@gmail.com,42080110000150
Netty,Netty@gmail.com,42080110000150
Berta,Berta@gmail.com,86256798000152
Chickie,Chickie@gmail.com,14388844000166
Roslyn,Roslyn@gmail.com,91265641000123
Binny,Binny@gmail.com,42080110000150
Minda,Minda@gmail.com,14388844000166
Joelly,Joelly@gmail.com,14388844000166
Benita,Benita@gmail.com,14388844000166
Renae,Renae@gmail.com,82486891000100
Tatiania,Tatiania@gmail.com,42080110000150
Ileana,Ileana@gmail.com,42080110000150
Hannis,Hannis@gmail.com,86256798000152
Marika,Marika@gmail.com,14388844000166
Augustine,Augustine@gmail.com,86256798000152
Rori,Rori@gmail.com,14388844000166
Hettie,Hettie@gmail.com,42080110000150
Christy,Christy@gmail.com,42080110000150
Doralynne,Doralynne@gmail.com,14388844000166
Mary,Mary@gmail.com,91265641000123
Merry,Merry@gmail.com,91265641000123
Lynde,Lynde@gmail.com,14388844000166
Tracey,Tracey@gmail.com,91265641000123
Melisent,Melisent@gmail.com,42080110000150
Vivia,Vivia@gmail.com,14388844000166
Tarra,Tarra@gmail.com,82486891000100
Raquela,Raquela@gmail.com,86256798000152
Gilligan,Gilligan@gmail.com,14388844000166
Celisse,Celisse@gmail.com,14388844000166
Sibella,Sibella@gmail.com,91265641000123
Luci,Luci@gmail.com,86256798000152
Yolane,Yolane@gmail.com,91265641000123
Bee,Bee@gmail.com,82486891000100
Kalina,Kalina@gmail.com,42080110000150
Andree,Andree@gmail.com,86256798000152
Trudie,Trudie@gmail.com,82486891000100
Sandie,Sandie@gmail.com,82486891000100
Althea,Althea@gmail.com,14388844000166
Ulrike,Ulrike@gmail.com,82486891000100
Chere,Chere@gmail.com,42080110000150
Vonny,Vonny@gmail.com,82486891000100
Ann-Marie,Ann-Marie@gmail.com,91265641000123
Carmencita,Carmencita@gmail.com,14388844000166
Kamilah,Kamilah@gmail.com,14388844000166
Gwenneth,Gwenneth@gmail.com,91265641000123
Shaylyn,Shaylyn@gmail.com,42080110000150
Rebeca,Rebeca@gmail.com,42080110000150
Dolli,Dolli@gmail.com,91265641000123
Johna,Johna@gmail.com,86256798000152
Tobe,Tobe@gmail.com,82486891000100
Mellicent,Mellicent@gmail.com,14388844000166
Berta,Berta@gmail.com,82486891000100
Elise,Elise@gmail.com,14388844000166
Neila,Neila@gmail.com,91265641000123
Lynnea,Lynnea@gmail.com,82486891000100
Rivalee,Rivalee@gmail.com,91265641000123
Tani,Tani@gmail.com,42080110000150
Lelah,Lelah@gmail.com,42080110000150
Ericka,Ericka@gmail.com,14388844000166
Heddie,Heddie@gmail.com,14388844000166
Tami,Tami@gmail.com,82486891000100
Tressa,Tressa@gmail.com,82486891000100
Deedee,Deedee@gmail.com,82486891000100
Marsiella,Marsiella@gmail.com,14388844000166
Ernesta,Ernesta@gmail.com,82486891000100
Shell,Shell@gmail.com,14388844000166
Aimil,Aimil@gmail.com,82486891000100
Maye,Maye@gmail.com,86256798000152
Desirae,Desirae@gmail.com,14388844000166
Millie,Millie@gmail.com,91265641000123
Corly,Corly@gmail.com,42080110000150
Letizia,Letizia@gmail.com,86256798000152
Vanessa,Vanessa@gmail.com,91265641000123
Johna,Johna@gmail.com,82486891000100
Jenda,Jenda@gmail.com,86256798000152
Ernesta,Ernesta@gmail.com,91265641000123
Cherilyn,Cherilyn@gmail.com,14388844000166
Cindelyn,Cindelyn@gmail.com,86256798000152
Tatiania,Tatiania@gmail.com,14388844000166
Odessa,Odessa@gmail.com,86256798000152
Coral,Coral@gmail.com,91265641000123
Kristina,Kristina@gmail.com,86256798000152
Leanna,Leanna@gmail.com,86256798000152
Barbi,Barbi@gmail.com,82486891000100
Rhea,Rhea@gmail.com,42080110000150
Mamie,Mamie@gmail.com,82486891000100
Fina,Fina@gmail.com,91265641000123
Belva,Belva@gmail.com,91265641000123
Aubrie,Aubrie@gmail.com,86256798000152
Daune,Daune@gmail.com,42080110000150
Hyacinthe,Hyacinthe@gmail.com,86256798000152
Dania,Dania@gmail.com,14388844000166
Sam,Sam@gmail.com,42080110000150
Clo,Clo@gmail.com,86256798000152
Blondelle,Blondelle@gmail.com,82486891000100
Mallory,Mallory@gmail.com,14388844000166
Thalia,Thalia@gmail.com,82486891000100
Charmaine,Charmaine@gmail.com,14388844000166
Ulrike,Ulrike@gmail.com,42080110000150
Isa,Isa@gmail.com,82486891000100
Oralee,Oralee@gmail.com,82486891000100
Deirdre,Deirdre@gmail.com,86256798000152
Fidelia,Fidelia@gmail.com,14388844000166
Fayre,Fayre@gmail.com,82486891000100
Libbie,Libbie@gmail.com,82486891000100
Elora,Elora@gmail.com,42080110000150
Claudina,Claudina@gmail.com,42080110000150
Clo,Clo@gmail.com,14388844000166
Marcelline,Marcelline@gmail.com,91265641000123
Pamella,Pamella@gmail.com,91265641000123
Gerrie,Gerrie@gmail.com,14388844000166
Barbi,Barbi@gmail.com,86256798000152
Rosaline,Rosaline@gmail.com,14388844000166
Lanae,Lanae@gmail.com,14388844000166
Ardeen,Ardeen@gmail.com,82486891000100
Carree,Carree@gmail.com,14388844000166
Drucie,Drucie@gmail.com,14388844000166
Vere,Vere@gmail.com,14388844000166
Corene,Corene@gmail.com,14388844000166
Starla,Starla@gmail.com,42080110000150
Collen,Collen@gmail.com,42080110000150
Jinny,Jinny@gmail.com,86256798000152
Celestyna,Celestyna@gmail.com,86256798000152
Gianina,Gianina@gmail.com,14388844000166
Moyna,Moyna@gmail.com,14388844000166
Aaren,Aaren@gmail.com,14388844000166
Riannon,Riannon@gmail.com,91265641000123
Chloris,Chloris@gmail.com,86256798000152
Maryellen,Maryellen@gmail.com,14388844000166
Etta,Etta@gmail.com,91265641000123
Roxane,Roxane@gmail.com,14388844000166
Tatiania,Tatiania@gmail.com,86256798000152
Maye,Maye@gmail.com,91265641000123
Winifred,Winifred@gmail.com,82486891000100
Sue,Sue@gmail.com,42080110000150
Trudie,Trudie@gmail.com,82486891000100
Cyndie,Cyndie@gmail.com,86256798000152
Lindie,Lindie@gmail.com,14388844000166
Margarette,Margarette@gmail.com,91265641000123
Kellen,Kellen@gmail.com,91265641000123
Flo,Flo@gmail.com,86256798000152
Dode,Dode@gmail.com,91265641000123
Andeee,Andeee@gmail.com,91265641000123
Daryl,Daryl@gmail.com,91265641000123
Stacey,Stacey@gmail.com,14388844000166
Talya,Talya@gmail.com,42080110000150
Krystle,Krystle@gmail.com,86256798000152
Elvira,Elvira@gmail.com,42080110000150
Alie,Alie@gmail.com,42080110000150
Monika,Monika@gmail.com,42080110000150
Laurene,Laurene@gmail.com,82486891000100
Tersina,Tersina@gmail.com,91265641000123
Barbara,Barbara@gmail.com,86256798000152
Sean,Sean@gmail.com,14388844000166
Deirdre,Deirdre@gmail.com,86256798000152
Camile,Camile@gmail.com,42080110000150
Christy,Christy@gmail.com,91265641000123
Randa,Randa@gmail.com,82486891000100
Kathi,Kathi@gmail.com,91265641000123
Brandise,Brandise@gmail.com,86256798000152
Cecile,Cecile@gmail.com,86256798000152
Chloris,Chloris@gmail.com,91265641000123
Arlina,Arlina@gmail.com,91265641000123
Chandra,Chandra@gmail.com,42080110000150
Georgina,Georgina@gmail.com,91265641000123
Kalina,Kalina@gmail.com,86256798000152
Susan,Susan@gmail.com,82486891000100
Thalia,Thalia@gmail.com,42080110000150
Merci,Merci@gmail.com,86256798000152
Emmey,Emmey@gmail.com,42080110000150
Tina,Tina@gmail.com,42080110000150
Camile,Camile@gmail.com,42080110000150
Mary,Mary@gmail.com,86256798000152
Sadie,Sadie@gmail.com,91265641000123
Shell,Shell@gmail.com,82486891000100
Oralee,Oralee@gmail.com,14388844000166
Clo,Clo@gmail.com,86256798000152
Betta,Betta@gmail.com,82486891000100
Katleen,Katleen@gmail.com,82486891000100
Gianina,Gianina@gmail.com,42080110000150
Marika,Marika@gmail.com,14388844000166
Judy,Judy@gmail.com,14388844000166
Celisse,Celisse@gmail.com,86256798000152
Suzette,Suzette@gmail.com,91265641000123
Alameda,Alameda@gmail.com,42080110000150
Dacia,Dacia@gmail.com,42080110000150
Clementine,Clementine@gmail.com,42080110000150
Imojean,Imojean@gmail.com,14388844000166
Regina,Regina@gmail.com,42080110000150
Deedee,Deedee@gmail.com,14388844000166
Lacie,Lacie@gmail.com,91265641000123
Nannie,Nannie@gmail.com,91265641000123
Phedra,Phedra@gmail.com,42080110000150
Therine,Therine@gmail.com,42080110000150
Cissiee,Cissiee@gmail.com,91265641000123
Hope,Hope@gmail.com,42080110000150
Andeee,Andeee@gmail.com,42080110000150
Glenda,Glenda@gmail.com,91265641000123
Lily,Lily@gmail.com,82486891000100
Elise,Elise@gmail.com,14388844000166
Marti,Marti@gmail.com,14388844000166
Ursulina,Ursulina@gmail.com,14388844000166
Jolyn,Jolyn@gmail.com,82486891000100
Robbi,Robbi@gmail.com,82486891000100
Susan,Susan@gmail.com,86256798000152
Collen,Collen@gmail.com,82486891000100
Fernande,Fernande@gmail.com,42080110000150
Marylou,Marylou@gmail.com,82486891000100
Gaylene,Gaylene@gmail.com,86256798000152
Ricky,Ricky@gmail.com,86256798000152
Briney,Briney@gmail.com,14388844000166
Madelle,Madelle@gmail.com,82486891000100
Kristina,Kristina@gmail.com,91265641000123
Selma,Selma@gmail.com,14388844000166
Minda,Minda@gmail.com,82486891000100
Alyda,Alyda@gmail.com,14388844000166
Zaria,Zaria@gmail.com,42080110000150
Tonia,Tonia@gmail.com,42080110000150
Bernardine,Bernardine@gmail.com,82486891000100
Glynnis,Glynnis@gmail.com,42080110000150
Evaleen,Evaleen@gmail.com,14388844000166
Romona,Romona@gmail.com,42080110000150
Dianemarie,Dianemarie@gmail.com,86256798000152
Marjie,Marjie@gmail.com,82486891000100
Minda,Minda@gmail.com,42080110000150
Rivalee,Rivalee@gmail.com,82486891000100
Grier,Grier@gmail.com,82486891000100
Marti,Marti@gmail.com,82486891000100
Tracey,Tracey@gmail.com,14388844000166
Berget,Berget@gmail.com,82486891000100
Stevana,Stevana@gmail.com,14388844000166
Marleah,Marleah@gmail.com,86256798000152
Belva,Belva@gmail.com,82486891000100
Reeba,Reeba@gmail.com,82486891000100
Glynnis,Glynnis@gmail.com,86256798000152
Ashlee,Ashlee@gmail.com,42080110000150
Kary,Kary@gmail.com,14388844000166
Sibella,Sibella@gmail.com,91265641000123
Maisey,Maisey@gmail.com,42080110000150
Bill,Bill@gmail.com,82486891000100
Josephine,Josephine@gmail.com,91265641000123
Georgetta,Georgetta@gmail.com,42080110000150
Celisse,Celisse@gmail.com,14388844000166
Gwenneth,Gwenneth@gmail.com,14388844000166
Lolita,Lolita@gmail.com,14388844000166
Collen,Collen@gmail.com,91265641000123
Farrah,Farrah@gmail.com,82486891000100
Annabela,Annabela@gmail.com,82486891000100
Mignon,Mignon@gmail.com,91265641000123
Layla,Layla@gmail.com,42080110000150
Aaren,Aaren@gmail.com,82486891000100
Riannon,Riannon@gmail.com,91265641000123
Debee,Debee@gmail.com,82486891000100
Philis,Philis@gmail.com,82486891000100
Delilah,Delilah@gmail.com,86256798000152
Danika,Danika@gmail.com,91265641000123
Tatiania,Tatiania@gmail.com,86256798000152
Edyth,Edyth@gmail.com,82486891000100
Berget,Berget@gmail.com,42080110000150
Jeanna,Jeanna@gmail.com,42080110000150
Meriel,Meriel@gmail.com,14388844000166
Edyth,Edyth@gmail.com,86256798000152
Heida,Heida@gmail.com,42080110000150
Silvana,Silvana@gmail.com,86256798000152
Fawne,Fawne@gmail.com,82486891000100
Deirdre,Deirdre@gmail.com,82486891000100
Quintina,Quintina@gmail.com,42080110000150
Hollie,Hollie@gmail.com,82486891000100
Corina,Corina@gmail.com,42080110000150
Yvonne,Yvonne@gmail.com,42080110000150
Winny,Winny@gmail.com,42080110000150
Atlanta,Atlanta@gmail.com,86256798000152
Claudina,Claudina@gmail.com,86256798000152
Cathie,Cathie@gmail.com,14388844000166
Helena,Helena@gmail.com,86256798000152
Trudie,Trudie@gmail.com,91265641000123
Annaliese,Annaliese@gmail.com,42080110000150
Corene,Corene@gmail.com,42080110000150
Donetta,Donetta@gmail.com,82486891000100
Fred,Fred@gmail.com,14388844000166
Jorry,Jorry@gmail.com,14388844000166
Lily,Lily@gmail.com,14388844000166
Alleen,Alleen@gmail.com,86256798000152
Latisha,Latisha@gmail.com,14388844000166
Robbi,Robbi@gmail.com,82486891000100
Sashenka,Sashenka@gmail.com,42080110000150
Larine,Larine@gmail.com,91265641000123
Cathyleen,Cathyleen@gmail.com,86256798000152
Elvira,Elvira@gmail.com,14388844000166
Clementine,Clementine@gmail.com,42080110000150
Sybille,Sybille@gmail.com,86256798000152
Lanae,Lanae@gmail.com,91265641000123
Lauryn,Lauryn@gmail.com,91265641000123
Layla,Layla@gmail.com,42080110000150
Morganica,Morganica@gmail.com,91265641000123
Ebonee,Ebonee@gmail.com,14388844000166
Almeta,Almeta@gmail.com,86256798000152
Rosaline,Rosaline@gmail.com,82486891000100
Dulcinea,Dulcinea@gmail.com,42080110000150
Hayley,Hayley@gmail.com,42080110000150
Celisse,Celisse@gmail.com,82486891000100
Hayley,Hayley@gmail.com,86256798000152
Zondra,Zondra@gmail.com,42080110000150
Alie,Alie@gmail.com,42080110000150
Kathi,Kathi@gmail.com,91265641000123
Tera,Tera@gmail.com,86256798000152
Kirbee,Kirbee@gmail.com,82486891000100
Jorry,Jorry@gmail.com,14388844000166
Aigneis,Aigneis@gmail.com,91265641000123
Consuela,Consuela@gmail.com,14388844000166
Betta,Betta@gmail.com,14388844000166
Ira,Ira@gmail.com,91265641000123
Amara,Amara@gmail.com,14388844000166
Adele,Adele@gmail.com,82486891000100
Melisent,Melisent@gmail.com,42080110000150
Grier,Grier@gmail.com,91265641000123
Ermengarde,Ermengarde@gmail.com,82486891000100
Dominga,Dominga@gmail.com,86256798000152
Claudina,Claudina@gmail.com,91265641000123
Heida,Heida@gmail.com,42080110000150
Sonni,Sonni@gmail.com,91265641000123
Ayn,Ayn@gmail.com,91265641000123
Doralynne,Doralynne@gmail.com,14388844000166
Kirbee,Kirbee@gmail.com,42080110000150
Clo,Clo@gmail.com,42080110000150
Celisse,Celisse@gmail.com,82486891000100
Aryn,Aryn@gmail.com,91265641000123
Thalia,Thalia@gmail.com,86256798000152
Shauna,Shauna@gmail.com,86256798000152
Zaria,Zaria@gmail.com,42080110000150
Fred,Fred@gmail.com,91265641000123
Trixi,Trixi@gmail.com,82486891000100
Therine,Therine@gmail.com,86256798000152
Nannie,Nannie@gmail.com,42080110000150
Brena,Brena@gmail.com,42080110000150
Reeba,Reeba@gmail.com,86256798000152
Georgina,Georgina@gmail.com,82486891000100
Sabina,Sabina@gmail.com,86256798000152
Dari,Dari@gmail.com,86256798000152
Barbi,Barbi@gmail.com,86256798000152
Lulita,Lulita@gmail.com,14388844000166
Linet,Linet@gmail.com,14388844000166
Cissiee,Cissiee@gmail.com,42080110000150
Helsa,Helsa@gmail.com,86256798000152
Maridel,Maridel@gmail.com,82486891000100
Renie,Renie@gmail.com,82486891000100
Regina,Regina@gmail.com,86256798000152
Mureil,Mureil@gmail.com,14388844000166
Ruthe,Ruthe@gmail.com,82486891000100
Jasmina,Jasmina@gmail.com,86256798000152
Michaelina,Michaelina@gmail.com,42080110000150
Candi,Candi@gmail.com,91265641000123
Amara,Amara@gmail.com,14388844000166
Tabbatha,Tabbatha@gmail.com,86256798000152
Alexine,Alexine@gmail.com,86256798000152
Lanae,Lanae@gmail.com,14388844000166
Riannon,Riannon@gmail.com,82486891000100
Riannon,Riannon@gmail.com,91265641000123
Kial,Kial@gmail.com,86256798000152
Katleen,Katleen@gmail.com,91265641000123
Katuscha,Katuscha@gmail.com,91265641000123
Ricky,Ricky@gmail.com,14388844000166
Sybille,Sybille@gmail.com,42080110000150
Fanchon,Fanchon@gmail.com,14388844000166
Beverley,Beverley@gmail.com,42080110000150
Charissa,Charissa@gmail.com,42080110000150
Bernardine,Bernardine@gmail.com,14388844000166
Robinia,Robinia@gmail.com,91265641000123
Candy,Candy@gmail.com,91265641000123
Roslyn,Roslyn@gmail.com,86256798000152
Marylou,Marylou@gmail.com,86256798000152
Melodie,Melodie@gmail.com,82486891000100
Marleah,Marleah@gmail.com,42080110000150
Amalie,Amalie@gmail.com,14388844000166
Belinda,Belinda@gmail.com,42080110000150
Margarette,Margarette@gmail.com,86256798000152
Grier,Grier@gmail.com,86256798000152
Averyl,Averyl@gmail.com,42080110000150
Camile,Camile@gmail.com,86256798000152
Shirlee,Shirlee@gmail.com,86256798000152
Paulita,Paulita@gmail.com,86256798000152
Stacey,Stacey@gmail.com,14388844000166
Britte,Britte@gmail.com,42080110000150
Louella,Louella@gmail.com,82486891000100
Debee,Debee@gmail.com,14388844000166
Katharina,Katharina@gmail.com,42080110000150
Marnia,Marnia@gmail.com,91265641000123
Marylou,Marylou@gmail.com,42080110000150
Kimberley,Kimberley@gmail.com,82486891000100
Jenda,Jenda@gmail.com,14388844000166
Carmencita,Carmencita@gmail.com,86256798000152
Wilma,Wilma@gmail.com,91265641000123
Jorry,Jorry@gmail.com,14388844000166
Cindelyn,Cindelyn@gmail.com,91265641000123
Amalie,Amalie@gmail.com,91265641000123
Candy,Candy@gmail.com,14388844000166
Demetris,Demetris@gmail.com,82486891000100
Melodie,Melodie@gmail.com,42080110000150
Meg,Meg@gmail.com,91265641000123
Anthia,Anthia@gmail.com,91265641000123
Iseabal,Iseabal@gmail.com,86256798000152
Beth,Beth@gmail.com,82486891000100
Jere,Jere@gmail.com,14388844000166
Sidoney,Sidoney@gmail.com,14388844000166
Marcelline,Marcelline@gmail.com,42080110000150
Jenilee,Jenilee@gmail.com,82486891000100
Delilah,Delilah@gmail.com,86256798000152
Valeda,Valeda@gmail.com,86256798000152
Alexine,Alexine@gmail.com,14388844000166
Amalie,Amalie@gmail.com,42080110000150
Coral,Coral@gmail.com,91265641000123
Jemie,Jemie@gmail.com,91265641000123
Jillayne,Jillayne@gmail.com,82486891000100
Wileen,Wileen@gmail.com,91265641000123
Louella,Louella@gmail.com,42080110000150
Carilyn,Carilyn@gmail.com,42080110000150
Sara-Ann,Sara-Ann@gmail.com,86256798000152
Elfreda,Elfreda@gmail.com,42080110000150
Alameda,Alameda@gmail.com,86256798000152
Chere,Chere@gmail.com,91265641000123
Tersina,Tersina@gmail.com,91265641000123
Misha,Misha@gmail.com,86256798000152
Feliza,Feliza@gmail.com,91265641000123
Gianina,Gianina@gmail.com,91265641000123
Aurore,Aurore@gmail.com,86256798000152
Chandra,Chandra@gmail.com,82486891000100
Ernesta,Ernesta@gmail.com,82486891000100
Frances,Frances@gmail.com,14388844000166
Malina,Malina@gmail.com,86256798000152
Zaria,Zaria@gmail.com,82486891000100
Gilda,Gilda@gmail.com,42080110000150
Romona,Romona@gmail.com,82486891000100
Jemie,Jemie@gmail.com,14388844000166
Bill,Bill@gmail.com,42080110000150
Elbertina,Elbertina@gmail.com,82486891000100
Christal,Christal@gmail.com,82486891000100
Zondra,Zondra@gmail.com,82486891000100
Tilly,Tilly@gmail.com,91265641000123
Dotty,Dotty@gmail.com,86256798000152
Audrie,Audrie@gmail.com,14388844000166
Nataline,Nataline@gmail.com,82486891000100
Gratia,Gratia@gmail.com,82486891000100
Tobe,Tobe@gmail.com,86256798000152
Ricky,Ricky@gmail.com,42080110000150
Jobi,Jobi@gmail.com,82486891000100
Ana,Ana@gmail.com,91265641000123
Hollie,Hollie@gmail.com,86256798000152
Elyssa,Elyssa@gmail.com,82486891000100
Sara-Ann,Sara-Ann@gmail.com,91265641000123
Malina,Malina@gmail.com,14388844000166
Almeta,Almeta@gmail.com,42080110000150
Harmonia,Harmonia@gmail.com,86256798000152
Dorene,Dorene@gmail.com,86256798000152
Hildegaard,Hildegaard@gmail.com,82486891000100
Allis,Allis@gmail.com,86256798000152
Harmonia,Harmonia@gmail.com,42080110000150
Ariela,Ariela@gmail.com,14388844000166
Jany,Jany@gmail.com,82486891000100
Fanny,Fanny@gmail.com,91265641000123
Hettie,Hettie@gmail.com,14388844000166
Giustina,Giustina@gmail.com,14388844000166
Carmencita,Carmencita@gmail.com,91265641000123
Ingrid,Ingrid@gmail.com,86256798000152
Damaris,Damaris@gmail.com,42080110000150
Mara,Mara@gmail.com,42080110000150
Elfreda,Elfreda@gmail.com,14388844000166
Jolyn,Jolyn@gmail.com,82486891000100
Carol-Jean,Carol-Jean@gmail.com,86256798000152
Rivalee,Rivalee@gmail.com,82486891000100
Felice,Felice@gmail.com,14388844000166
Netty,Netty@gmail.com,86256798000152
Vita,Vita@gmail.com,82486891000100
Betta,Betta@gmail.com,14388844000166
Rosene,Rosene@gmail.com,42080110000150
Lulita,Lulita@gmail.com,91265641000123
Theodora,Theodora@gmail.com,86256798000152
Kate,Kate@gmail.com,14388844000166
Collen,Collen@gmail.com,42080110000150
Hannis,Hannis@gmail.com,14388844000166
Molli,Molli@gmail.com,42080110000150
Tina,Tina@gmail.com,14388844000166
Catrina,Catrina@gmail.com,42080110000150
Lindie,Lindie@gmail.com,14388844000166
Deedee,Deedee@gmail.com,91265641000123
Judy,Judy@gmail.com,91265641000123
Albertina,Albertina@gmail.com,86256798000152
Desirae,Desirae@gmail.com,14388844000166
Millie,Millie@gmail.com,86256798000152
Rochette,Rochette@gmail.com,14388844000166
Deirdre,Deirdre@gmail.com,82486891000100
Iseabal,Iseabal@gmail.com,91265641000123
Joelly,Joelly@gmail.com,86256798000152
Beatriz,Beatriz@gmail.com,42080110000150
Sheelagh,Sheelagh@gmail.com,82486891000100
Doro,Doro@gmail.com,86256798000152
Marleah,Marleah@gmail.com,14388844000166
Raquela,Raquela@gmail.com,91265641000123
Aeriela,Aeriela@gmail.com,91265641000123
Shell,Shell@gmail.com,86256798000152
Taffy,Taffy@gmail.com,14388844000166
Barbara,Barbara@gmail.com,82486891000100
Shell,Shell@gmail.com,91265641000123
Tori,Tori@gmail.com,42080110000150
Harmonia,Harmonia@gmail.com,14388844000166
Kathi,Kathi@gmail.com,42080110000150
Alie,Alie@gmail.com,82486891000100
Charlena,Charlena@gmail.com,86256798000152
Trudie,Trudie@gmail.com,82486891000100
Fernande,Fernande@gmail.com,91265641000123
Ketti,Ketti@gmail.com,14388844000166
Max,Max@gmail.com,91265641000123
Randa,Randa@gmail.com,42080110000150
Dorice,Dorice@gmail.com,91265641000123
Layla,Layla@gmail.com,42080110000150
Camile,Camile@gmail.com,82486891000100
Livvyy,Livvyy@gmail.com,86256798000152
Ottilie,Ottilie@gmail.com,82486891000100
Beth,Beth@gmail.com,86256798000152
Karina,Karina@gmail.com,86256798000152
Alleen,Alleen@gmail.com,82486891000100
Ardys,Ardys@gmail.com,42080110000150
Rochette,Rochette@gmail.com,91265641000123
Janeczka,Janeczka@gmail.com,86256798000152
Suzette,Suzette@gmail.com,14388844000166
Kial,Kial@gmail.com,42080110000150
Melodie,Melodie@gmail.com,91265641000123
Devina,Devina@gmail.com,42080110000150
Sarette,Sarette@gmail.com,91265641000123
Aimil,Aimil@gmail.com,82486891000100
Tamqrah,Tamqrah@gmail.com,14388844000166
Marguerite,Marguerite@gmail.com,82486891000100
Kassey,Kassey@gmail.com,91265641000123
Shauna,Shauna@gmail.com,42080110000150
Christy,Christy@gmail.com,91265641000123
Lynde,Lynde@gmail.com,82486891000100
Blake,Blake@gmail.com,91265641000123
Dacia,Dacia@gmail.com,82486891000100
Raina,Raina@gmail.com,14388844000166
Carlie,Carlie@gmail.com,91265641000123
Aeriela,Aeriela@gmail.com,42080110000150
Selma,Selma@gmail.com,42080110000150
Maisey,Maisey@gmail.com,86256798000152
Deloria,Deloria@gmail.com,42080110000150
Peri,Peri@gmail.com,42080110000150
Ilse,Ilse@gmail.com,82486891000100
Mallory,Mallory@gmail.com,14388844000166
Sissy,Sissy@gmail.com,82486891000100
Emma,Emma@gmail.com,86256798000152
Queenie,Queenie@gmail.com,86256798000152
Valera,Valera@gmail.com,82486891000100
Mignon,Mignon@gmail.com,91265641000123
Sallie,Sallie@gmail.com,82486891000100
Collen,Collen@gmail.com,14388844000166
Aimil,Aimil@gmail.com,86256798000152
Liana,Liana@gmail.com,91265641000123
Johna,Johna@gmail.com,82486891000100
Marika,Marika@gmail.com,14388844000166
Hyacinthe,Hyacinthe@gmail.com,91265641000123
Dagmar,Dagmar@gmail.com,82486891000100
Alyssa,Alyssa@gmail.com,91265641000123
Dacia,Dacia@gmail.com,42080110000150
Suzette,Suzette@gmail.com,82486891000100
Jennica,Jennica@gmail.com,42080110000150
Brietta,Brietta@gmail.com,82486891000100
Celisse,Celisse@gmail.com,82486891000100
Isa,Isa@gmail.com,42080110000150
Lanna,Lanna@gmail.com,82486891000100
Rayna,Rayna@gmail.com,86256798000152
Mignon,Mignon@gmail.com,42080110000150
Iseabal,Iseabal@gmail.com,14388844000166
Liana,Liana@gmail.com,91265641000123
Carmela,Carmela@gmail.com,14388844000166
Vanessa,Vanessa@gmail.com,42080110000150
Kalina,Kalina@gmail.com,42080110000150
Mariann,Mariann@gmail.com,86256798000152
Tybie,Tybie@gmail.com,91265641000123
Gisela,Gisela@gmail.com,91265641000123
Bee,Bee@gmail.com,42080110000150
Roseline,Roseline@gmail.com,14388844000166
Myrtice,Myrtice@gmail.com,82486891000100
Cacilie,Cacilie@gmail.com,14388844000166
Mildrid,Mildrid@gmail.com,14388844000166
Florencia,Florencia@gmail.com,86256798000152
Charmaine,Charmaine@gmail.com,14388844000166
Corene,Corene@gmail.com,14388844000166
Lusa,Lusa@gmail.com,42080110000150
Barbi,Barbi@gmail.com,42080110000150
Juliane,Juliane@gmail.com,42080110000150
Sadie,Sadie@gmail.com,42080110000150
Rori,Rori@gmail.com,42080110000150
Ada,Ada@gmail.com,82486891000100
Chrystel,Chrystel@gmail.com,14388844000166
Anthia,Anthia@gmail.com,86256798000152
Averyl,Averyl@gmail.com,86256798000152
Lilith,Lilith@gmail.com,14388844000166
Sabina,Sabina@gmail.com,86256798000152
Gerianna,Gerianna@gmail.com,86256798000152